s,s,s
﻿不,2074,
﻿是,1900,
﻿我,1774,
﻿人,1608,
﻿来,1601,
﻿一,1542,
﻿了,1497,
﻿你,1266,
﻿有,1213,
﻿吓,1048,
﻿的,1022,
﻿去,912,
﻿得,894,
﻿这,862,
﻿他,855,
﻿那,853,
﻿在,814,
﻿小,779,
﻿也,732,
﻿好,724,
﻿子,715,
﻿此,703,
﻿生,696,
﻿儿,694,
﻿呀,646,
﻿上,630,
﻿里,619,
﻿何,598,
﻿天,592,
﻿下,592,
﻿相,591,
﻿娘,586,
﻿个,584,
﻿说,552,
﻿请,551,
﻿么,542,
﻿家,538,
﻿看,536,
﻿花,536,
﻿如,523,
﻿日,517,
﻿到,509,
﻿阿,508,
﻿要,507,
﻿为,498,
﻿之,494,
﻿无,488,
﻿只,488,
﻿老,487,
﻿今,469,
﻿心,461,
﻿见,461,
﻿可,460,
﻿大,438,
﻿怎,427,
﻿夫,416,
﻿中,403,
﻿公,387,
﻿风,377,
﻿道,377,
﻿俺,373,
﻿待,364,
﻿将,364,
﻿姐,362,
﻿把,357,
﻿自,356,
﻿知,353,
﻿与,338,
﻿香,334,
﻿就,333,
﻿情,333,
﻿时,314,
﻿多,308,
﻿难,308,
﻿事,308,
﻿门,308,
﻿出,305,
﻿做,304,
﻿前,303,
﻿山,303,
﻿行,299,
﻿罢,286,
﻿头,283,
﻿月,282,
﻿想,280,
﻿爷,279,
﻿身,277,
﻿起,273,
﻿三,272,
﻿又,272,
﻿春,271,
﻿官,268,
﻿年,267,
﻿便,267,
﻿酒,255,
﻿吖,250,
﻿万,249,
﻿还,249,
﻿女,248,
﻿哉,247,
﻿著,247,
﻿似,245,
﻿金,244,
﻿亲,239,
﻿过,237,
﻿梦,235,
﻿声,227,
﻿听,227,
﻿两,224,
﻿玉,220,
﻿成,219,
﻿回,217,
﻿朝,216,
﻿雲,215,
﻿教,215,
﻿红,215,
﻿当,214,
﻿格,214,
﻿问,213,
﻿没,210,
﻿处,210,
﻿再,210,
﻿什,209,
﻿和,209,
﻿谁,207,
﻿明,204,
﻿们,204,
﻿王,203,
﻿分,201,
﻿些,201,
﻿开,201,
﻿打,200,
﻿书,199,
﻿若,197,
﻿意,193,
﻿几,192,
﻿夜,192,
﻿且,189,
﻿宫,188,
﻿千,185,
﻿哈,185,
﻿然,185,
﻿正,184,
﻿已,183,
﻿地,182,
﻿早,182,
﻿君,181,
﻿未,180,
﻿敢,180,
﻿勿,179,
﻿十,178,
﻿言,175,
﻿叫,175,
﻿死,174,
﻿奴,173,
﻿走,172,
﻿仙,172,
﻿马,171,
﻿怕,171,
﻿主,170,
﻿才,168,
﻿曾,166,
﻿话,165,
﻿重,165,
﻿师,165,
﻿愁,163,
﻿郎,162,
﻿：,162,
﻿清,162,
﻿长,158,
﻿姑,158,
﻿爹,157,
﻿後,156,
﻿着,156,
﻿面,155,
﻿從,155,
﻿神,155,
﻿甚,154,
﻿少,154,
﻿方,153,
﻿先,153,
﻿拜,153,
﻿向,153,
﻿真,152,
﻿边,152,
﻿非,152,
﻿亇,152,
﻿望,151,
﻿会,151,
﻿别,150,
﻿㕶,150,
﻿臣,149,
﻿水,148,
﻿落,148,
﻿则,148,
﻿二,148,
﻿坐,147,
﻿思,147,
﻿名,146,
﻿休,146,
﻿间,146,
﻿命,145,
﻿恩,145,
﻿柳,145,
﻿免,144,
﻿原,144,
﻿画,144,
﻿恨,143,
﻿父,141,
﻿西,141,
﻿楼,141,
﻿高,140,
﻿岁,139,
﻿新,139,
﻿泪,138,
﻿都,138,
﻿进,138,
﻿能,137,
﻿咳,137,
﻿位,136,
﻿军,135,
﻿空,133,
﻿等,132,
﻿眼,132,
﻿梅,132,
﻿取,131,
﻿气,131,
﻿住,131,
﻿拉,131,
﻿恁,131,
﻿太,130,
﻿被,129,
﻿东,129,
﻿阳,129,
﻿因,128,
﻿呵,128,
﻿转,128,
﻿吃,128,
﻿路,127,
﻿双,127,
﻿青,126,
﻿哥,126,
﻿以,126,
﻿作,125,
﻿安,125,
﻿入,125,
﻿喜,125,
﻿同,125,
﻿放,123,
﻿样,122,
﻿深,118,
﻿尽,118,
﻿飞,118,
﻿归,117,
﻿闲,116,
﻿色,115,
﻿国,115,
﻿光,115,
﻿苦,114,
﻿白,114,
﻿点,114,
﻿令,113,
﻿所,113,
﻿倒,113,
﻿杀,113,
﻿笑,112,
﻿而,112,
﻿江,112,
﻿晓,112,
﻿台,112,
﻿张,111,
﻿雨,111,
﻿动,111,
﻿咱,110,
﻿半,110,
﻿影,109,
﻿妻,109,
﻿外,109,
﻿报,108,
﻿离,108,
﻿南,108,
﻿内,107,
﻿手,106,
﻿断,106,
﻿伤,106,
﻿世,106,
﻿文,106,
﻿快,105,
﻿细,105,
﻿送,105,
﻿堂,105,
﻿愿,104,
﻿寻,104,
﻿对,103,
﻿魂,103,
﻿管,102,
﻿乃,102,
﻿定,102,
﻿往,101,
﻿谢,100,
﻿缘,100,
﻿却,99,
﻿者,99,
﻿丈,99,
﻿須,98,
﻿李,97,
﻿莫,97,
﻿首,97,
﻿痴,97,
﻿秋,96,
﻿衣,96,
﻿轻,95,
﻿黄,95,
﻿妃,95,
﻿口,94,
﻿音,94,
﻿但,93,
﻿圣,93,
﻿于,93,
﻿受,92,
﻿流,92,
﻿理,92,
﻿随,92,
﻿容,92,
﻿四,92,
﻿百,92,
﻿呢,91,
﻿房,91,
﻿远,90,
﻿消,90,
﻿礼,90,
﻿母,90,
﻿必,89,
﻿贼,89,
﻿平,89,
﻿妙,89,
﻿其,88,
﻿奉,88,
﻿欲,87,
﻿火,87,
﻿哪,87,
﻿寒,86,
﻿带,86,
﻿般,86,
﻿纔,86,
﻿惊,86,
﻿㖸,86,
﻿睡,85,
﻿龙,85,
﻿冷,85,
﻿旧,85,
﻿观,84,
﻿海,84,
﻿传,84,
﻿领,84,
﻿凤,84,
﻿孤,83,
﻿差,83,
﻿更,83,
﻿翠,83,
﻿妈,82,
﻿留,82,
﻿弟,82,
﻿美,82,
﻿故,82,
﻿殿,82,
﻿幸,81,
﻿元,81,
﻿使,81,
﻿妹,81,
﻿应,80,
﻿岂,80,
﻿念,80,
﻿佳,80,
﻿许,79,
﻿满,79,
﻿银,79,
﻿华,79,
﻿欢,79,
﻿合,79,
﻿醉,78,
﻿曲,78,
﻿守,77,
﻿全,77,
﻿闻,77,
﻿歌,77,
﻿病,77,
﻿贵,76,
﻿爱,76,
﻿记,76,
﻿船,76,
﻿周,75,
﻿常,75,
﻿拿,75,
﻿步,75,
﻿果,75,
﻿宵,74,
﻿齐,74,
﻿娇,74,
﻿皇,73,
﻿逢,73,
﻿兵,73,
﻿贤,73,
﻿依,73,
﻿园,72,
﻿直,72,
﻿告,71,
﻿哟,71,
﻿烟,71,
﻿啥,71,
﻿丹,71,
﻿用,70,
﻿士,70,
﻿姓,70,
﻿信,70,
﻿灯,70,
﻿卖,70,
﻿急,70,
﻿法,70,
﻿兴,70,
﻿临,70,
﻿独,70,
﻿收,69,
﻿苏,69,
﻿怜,69,
﻿经,69,
﻿数,69,
﻿端,69,
﻿汉,69,
﻿唤,68,
﻿佛,68,
﻿桃,68,
﻿慢,67,
﻿度,67,
﻿妇,67,
﻿五,67,
﻿宝,67,
﻿偏,67,
﻿客,66,
﻿语,66,
﻿八,66,
﻿草,66,
﻿讲,66,
﻿字,66,
﻿片,66,
﻿通,66,
﻿杨,66,
﻿介,66,
﻿劳,65,
﻿怪,65,
﻿悲,65,
﻿肠,65,
﻿番,65,
﻿城,65,
﻿残,65,
﻿暗,65,
﻿陈,65,
﻿乡,64,
﻿尚,64,
﻿肯,64,
﻿兄,63,
﻿痛,63,
﻿惟,63,
﻿忠,63,
﻿乐,63,
﻿关,63,
﻿立,63,
﻿解,62,
﻿嗄,62,
﻿福,62,
﻿罗,62,
﻿乱,62,
﻿赏,62,
﻿妾,62,
﻿古,61,
﻿凄,61,
﻿晚,61,
﻿良,61,
﻿节,61,
﻿紧,61,
﻿扇,61,
﻿囘,61,
﻿鬼,61,
﻿诗,61,
﻿杜,61,
﻿九,60,
﻿竟,60,
﻿活,60,
﻿钗,60,
﻿茶,60,
﻿破,59,
﻿至,59,
﻿认,59,
﻿忙,59,
﻿飘,59,
﻿近,59,
﻿承,59,
﻿卿,58,
﻿羞,58,
﻿求,58,
﻿烦,58,
﻿恐,58,
﻿驾,58,
﻿鸾,58,
﻿咦,58,
﻿星,58,
﻿保,58,
﻿杯,58,
﻿力,58,
﻿旨,58,
﻿绝,58,
﻿幽,58,
﻿蒙,57,
﻿救,57,
﻿任,57,
﻿功,57,
﻿怀,57,
﻿候,57,
﻿并,57,
﻿既,57,
﻿弄,57,
﻿丝,57,
﻿𠮾,56,
﻿景,56,
﻿恼,56,
﻿石,56,
﻿连,56,
﻿院,56,
﻿河,56,
﻿久,56,
﻿扶,56,
﻿嗳,56,
﻿禁,55,
﻿觉,55,
﻿由,55,
﻿叹,55,
﻿孩,55,
﻿初,55,
﻿醒,55,
﻿终,55,
﻿众,55,
﻿实,55,
﻿沉,55,
﻿树,55,
﻿燕,55,
﻿虽,54,
﻿眉,54,
﻿珠,54,
﻿暂,54,
﻿绣,54,
﻿散,54,
﻿交,54,
﻿提,54,
﻿狗,54,
﻿枝,54,
﻿阴,54,
﻿末,54,
﻿息,53,
﻿奈,53,
﻿昏,53,
﻿俚,53,
﻿府,53,
﻿波,53,
﻿妆,53,
﻿亭,53,
﻿强,53,
﻿怨,53,
﻿遥,52,
﻿程,52,
﻿答,52,
﻿宴,52,
﻿唱,52,
﻿引,52,
﻿本,52,
﻿楚,51,
﻿照,51,
﻿害,51,
﻿哭,51,
﻿侍,51,
﻿反,51,
﻿芳,51,
﻿寄,51,
﻿吾,51,
﻿拾,51,
﻿尘,50,
﻿露,50,
﻿荒,50,
﻿妨,50,
﻿第,50,
﻿伊,50,
﻿忘,50,
﻿骨,50,
﻿武,50,
﻿性,50,
﻿奏,50,
﻿鼓,50,
﻿钱,50,
﻿遭,49,
﻿亦,49,
﻿御,49,
﻿权,49,
﻿桥,49,
﻿秀,49,
﻿碧,49,
﻿莲,49,
﻿惜,49,
﻿遇,48,
﻿像,48,
﻿登,48,
﻿灵,48,
﻿赐,48,
﻿六,48,
﻿洞,48,
﻿摇,48,
﻿绿,48,
﻿锦,48,
﻿赵,48,
﻿粉,48,
﻿图,48,
﻿学,48,
﻿负,48,
﻿林,47,
﻿感,47,
﻿犹,47,
﻿足,47,
﻿封,47,
﻿血,47,
﻿發,47,
﻿伏,47,
﻿萧,46,
﻿厮,46,
﻿翻,46,
﻿恶,46,
﻿胡,46,
﻿指,46,
﻿饮,46,
﻿列,46,
﻿州,45,
﻿奇,45,
﻿亡,45,
﻿体,45,
﻿刀,45,
﻿叔,45,
﻿庭,45,
﻿场,45,
﻿堪,45,
﻿窗,45,
﻿停,45,
﻿唷,45,
﻿烧,44,
﻿目,44,
﻿恰,44,
﻿紫,44,
﻿虚,44,
﻿特,44,
﻿化,44,
﻿眠,44,
﻿抛,44,
﻿现,44,
﻿接,43,
﻿养,43,
﻿除,43,
﻿比,43,
﻿笃,43,
﻿摆,43,
﻿结,43,
﻿乾,43,
﻿座,43,
﻿种,43,
﻿婆,43,
﻿娥,43,
﻿帝,43,
﻿遊,42,
﻿吹,42,
﻿抱,42,
﻿冤,42,
﻿舍,42,
﻿料,42,
﻿投,42,
﻿假,42,
﻿约,42,
﻿隔,42,
﻿孝,42,
﻿阵,42,
﻿贱,42,
﻿闷,42,
﻿底,42,
﻿遍,42,
﻿即,42,
﻿纱,42,
﻿尊,42,
﻿借,41,
﻿雪,41,
﻿启,41,
﻿秦,41,
﻿洒,41,
﻿饶,41,
﻿词,41,
﻿丽,41,
﻿𠲔,41,
﻿期,41,
﻿湖,41,
﻿试,40,
﻿氏,40,
﻿各,40,
﻿忽,40,
﻿挨,40,
﻿完,40,
﻿苍,40,
﻿干,40,
﻿共,40,
﻿…,40,
﻿凭,40,
﻿颜,40,
﻿滴,40,
﻿状,40,
﻿夕,40,
﻿避,40,
﻿孙,40,
﻿寡,40,
﻿物,40,
﻿识,40,
﻿参,40,
﻿鸳,40,
﻿写,40,
﻿义,40,
﻿婿,40,
﻿叩,39,
﻿及,39,
﻿穿,39,
﻿付,39,
﻿服,39,
﻿单,39,
﻿霞,39,
﻿婢,39,
﻿遣,39,
﻿猜,39,
﻿素,39,
﻿枕,39,
﻿歇,39,
﻿严,38,
﻿昨,38,
﻿载,38,
﻿工,38,
﻿诉,38,
﻿鱼,38,
﻿劝,38,
﻿呼,38,
﻿计,38,
﻿调,38,
﻿㫖,38,
﻿垂,38,
﻿瑶,38,
﻿招,38,
﻿辞,37,
﻿凉,37,
﻿戚,37,
﻿暮,37,
﻿铁,37,
﻿圆,37,
﻿逃,37,
﻿雁,37,
﻿折,37,
﻿英,37,
﻿朱,37,
﻿挂,37,
﻿迎,37,
﻿傍,37,
﻿句,37,
﻿降,37,
﻿闹,37,
﻿帘,37,
﻿微,37,
﻿车,37,
﻿啼,37,
﻿姻,37,
﻿争,36,
﻿袖,36,
﻿失,36,
﻿倘,36,
﻿迟,36,
﻿衙,36,
﻿困,36,
﻿伴,36,
﻿革,36,
﻿卷,36,
﻿居,36,
﻿整,36,
﻿越,36,
﻿墙,36,
﻿量,36,
﻿髙,36,
﻿添,36,
﻿犯,36,
﻿索,35,
﻿胜,35,
﻿该,35,
﻿朕,35,
﻿称,35,
﻿机,35,
﻿题,35,
﻿章,35,
﻿雀,35,
﻿僧,35,
﻿卫,35,
﻿赴,34,
﻿迢,34,
﻿兰,34,
﻿富,34,
﻿刻,34,
﻿薄,34,
﻿漏,34,
﻿弹,34,
﻿庙,34,
﻿陵,34,
﻿野,34,
﻿骂,34,
﻿禄,34,
﻿排,34,
﻿隻,34,
﻿威,34,
﻿致,34,
﻿读,34,
﻿陛,34,
﻿悄,34,
﻿恭,34,
﻿界,34,
﻿盈,34,
﻿迷,33,
﻿宿,33,
﻿揖,33,
﻿追,33,
﻿奸,33,
﻿虎,33,
﻿池,33,
﻿觑,33,
﻿脚,33,
﻿伯,33,
﻿永,33,
﻿舞,33,
﻿笔,33,
﻿谱,33,
﻿裳,33,
﻿推,33,
﻿耳,33,
﻿条,32,
﻿志,32,
﻿悠,32,
﻿敬,32,
﻿司,32,
﻿霎,32,
﻿赶,32,
﻿藏,32,
﻿刘,32,
﻿低,32,
﻿梁,32,
﻿泉,32,
﻿脱,32,
﻿绕,32,
﻿乌,32,
﻿松,32,
﻿评,32,
﻿尺,32,
﻿闪,32,
﻿豪,32,
﻿纸,32,
﻿偷,32,
﻿备,32,
﻿盒,32,
﻿竹,32,
﻿呸,32,
﻿啐,32,
﻿觅,31,
﻿团,31,
﻿鐘,31,
﻿渔,31,
﻿斜,31,
﻿闭,31,
﻿背,31,
﻿号,31,
﻿德,31,
﻿己,31,
﻿漫,31,
﻿惹,31,
﻿供,31,
﻿陪,31,
﻿判,31,
﻿含,31,
﻿乘,31,
﻿哙,31,
﻿桂,31,
﻿牵,31,
﻿貌,31,
﻿浪,31,
﻿响,31,
﻿催,31,
﻿形,31,
﻿极,31,
﻿琴,31,
﻿丫,31,
﻿牡,31,
﻿京,30,
﻿偶,30,
﻿贫,30,
﻿帐,30,
﻿敲,30,
﻿惨,30,
﻿扫,30,
﻿煞,30,
﻿隐,30,
﻿精,30,
﻿阁,30,
﻿倾,30,
﻿战,30,
﻿烛,30,
﻿眀,30,
﻿凡,30,
﻿势,30,
﻿变,30,
﻿厢,30,
﻿巫,30,
﻿宗,30,
﻿禅,30,
﻿淳,30,
﻿总,29,
﻿模,29,
﻿踪,29,
﻿存,29,
﻿配,29,
﻿木,29,
﻿奢,29,
﻿掩,29,
﻿枉,29,
﻿表,29,
﻿纷,29,
﻿哎,29,
﻿错,29,
﻿升,29,
﻿馀,29,
﻿甘,29,
﻿纵,29,
﻿叶,29,
﻿莺,29,
﻿代,29,
﻿焚,29,
﻿疑,29,
﻿亏,29,
﻿济,28,
﻿穷,28,
﻿修,28,
﻿造,28,
﻿跳,28,
﻿恋,28,
﻿渐,28,
﻿勒,28,
﻿映,28,
﻿碎,28,
﻿彩,28,
﻿盟,28,
﻿眷,28,
﻿买,28,
﻿荷,28,
﻿北,28,
﻿檀,28,
﻿魔,28,
﻿矣,28,
﻿根,28,
﻿婚,28,
﻿厾,28,
﻿媒,28,
﻿壁,27,
﻿瘦,27,
﻿咽,27,
﻿盗,27,
﻿男,27,
﻿挑,27,
﻿床,27,
﻿零,27,
﻿掌,27,
﻿替,27,
﻿环,27,
﻿热,27,
﻿浮,27,
﻿群,27,
﻿哩,27,
﻿善,27,
﻿顺,27,
﻿跪,27,
﻿改,27,
﻿切,27,
﻿易,27,
﻿冰,27,
﻿丑,26,
﻿系,26,
﻿途,26,
﻿忒,26,
﻿皆,26,
﻿田,26,
﻿锁,26,
﻿怒,26,
﻿羊,26,
﻿誓,26,
﻿骑,26,
﻿七,26,
﻿罪,26,
﻿雅,26,
﻿吟,26,
﻿持,26,
﻿护,26,
﻿兀,26,
﻿羽,26,
﻿镜,26,
﻿径,26,
﻿筵,26,
﻿寺,26,
﻿游,26,
﻿肉,26,
﻿斋,26,
﻿棋,26,
﻿冠,25,
﻿盛,25,
﻿坏,25,
﻿弃,25,
﻿磨,25,
﻿贞,25,
﻿民,25,
﻿牙,25,
﻿诸,25,
﻿剑,25,
﻿顿,25,
﻿腰,25,
﻿论,25,
﻿律,25,
﻿唐,25,
﻿让,25,
﻿防,25,
﻿徒,25,
﻿庆,25,
﻿鸯,25,
﻿软,25,
﻿衾,25,
﻿施,25,
﻿丢,25,
﻿吴,25,
﻿忍,25,
﻿坟,25,
﻿槐,25,
﻿馆,24,
﻿次,24,
﻿霄,24,
﻿霜,24,
﻿费,24,
﻿耐,24,
﻿嘴,24,
﻿按,24,
﻿异,24,
﻿侯,24,
﻿班,24,
﻿腾,24,
﻿寂,24,
﻿幹,24,
﻿延,24,
﻿㕭,24,
﻿静,24,
﻿宠,24,
﻿吐,24,
﻿盘,24,
﻿标,24,
﻿怯,24,
﻿鹤,24,
﻿温,24,
﻿玩,24,
﻿琼,24,
﻿郡,24,
﻿妖,24,
﻿淡,24,
﻿袅,24,
﻿托,24,
﻿埋,24,
﻿峰,24,
﻿舟,24,
﻿染,24,
﻿𣴑,24,
﻿最,24,
﻿柯,24,
﻿利,23,
﻿沙,23,
﻿絮,23,
﻿倦,23,
﻿脸,23,
﻿奔,23,
﻿冲,23,
﻿汤,23,
﻿幼,23,
﻿室,23,
﻿雄,23,
﻿呔,23,
﻿移,23,
﻿复,23,
﻿壶,23,
﻿拥,23,
﻿讨,23,
﻿线,23,
﻿友,23,
﻿铜,23,
﻿羡,23,
﻿展,23,
﻿霓,23,
﻿踏,23,
﻿蝶,23,
﻿否,23,
﻿准,23,
﻿净,23,
﻿倷,23,
﻿尼,23,
﻿云,23,
﻿荣,23,
﻿驸,23,
﻿𠮨,23,
﻿逐,22,
﻿达,22,
﻿辛,22,
﻿搭,22,
﻿访,22,
﻿倚,22,
﻿每,22,
﻿撇,22,
﻿尔,22,
﻿涯,22,
﻿哀,22,
﻿咐,22,
﻿退,22,
﻿密,22,
﻿狼,22,
﻿执,22,
﻿茫,22,
﻿哆,22,
﻿扬,22,
﻿装,22,
﻿扵,22,
﻿省,22,
﻿钿,22,
﻿毛,22,
﻿弥,22,
﻿耍,22,
﻿瞒,22,
﻿况,22,
﻿覆,22,
﻿际,22,
﻿趁,22,
﻿食,22,
﻿勾,22,
﻿乎,22,
﻿皂,22,
﻿跌,22,
﻿慈,22,
﻿蚁,22,
﻿科,21,
﻿透,21,
﻿勤,21,
﻿街,21,
﻿值,21,
﻿遮,21,
﻿彼,21,
﻿蓬,21,
﻿乳,21,
﻿雾,21,
﻿误,21,
﻿土,21,
﻿煎,21,
﻿顶,21,
﻿牢,21,
﻿寿,21,
﻿髮,21,
﻿宣,21,
﻿旗,21,
﻿豹,21,
﻿抬,21,
﻿加,21,
﻿喝,21,
﻿显,21,
﻿喧,21,
﻿仗,21,
﻿仪,21,
﻿价,21,
﻿鸣,21,
﻿聊,21,
﻿药,21,
﻿设,21,
﻿商,21,
﻿韵,21,
﻿懒,21,
﻿稳,21,
﻿娟,21,
﻿弦,21,
﻿稽,21,
﻿盼,21,
﻿巧,21,
﻿裙,21,
﻿迹,21,
﻿娶,21,
﻿旦,21,
﻿速,21,
﻿止,21,
﻿哼,21,
﻿征,20,
﻿略,20,
﻿鸡,20,
﻿皮,20,
﻿丧,20,
﻿庵,20,
﻿户,20,
﻿超,20,
﻿沈,20,
﻿累,20,
﻿栏,20,
﻿建,20,
﻿广,20,
﻿祭,20,
﻿嫦,20,
﻿鼎,20,
﻿鸟,20,
﻿饥,20,
﻿滑,20,
﻿湿,19,
﻿段,19,
﻿渴,19,
﻿件,19,
﻿卑,19,
﻿顾,19,
﻿逼,19,
﻿唬,19,
﻿斗,19,
﻿溪,19,
﻿胆,19,
﻿吩,19,
﻿饭,19,
﻿俱,19,
﻿左,19,
﻿震,19,
﻿狂,19,
﻿享,19,
﻿岭,19,
﻿韩,19,
﻿员,19,
﻿盏,19,
﻿朵,19,
﻿议,19,
﻿补,19,
﻿渡,19,
﻿诚,19,
﻿嘿,19,
﻿畔,19,
﻿浅,19,
﻿猛,19,
﻿叠,19,
﻿泥,19,
﻿牛,19,
﻿短,19,
﻿拨,19,
﻿闺,19,
﻿葬,19,
﻿毕,19,
﻿蟾,19,
﻿艳,19,
﻿㑹,19,
﻿弗,19,
﻿悬,19,
﻿阑,19,
﻿侄,19,
﻿魁,18,
﻿疏,18,
﻿滚,18,
﻿右,18,
﻿衰,18,
﻿蓦,18,
﻿忧,18,
﻿靠,18,
﻿靣,18,
﻿兔,18,
﻿凌,18,
﻿刑,18,
﻿鬓,18,
﻿逆,18,
﻿堆,18,
﻿蓝,18,
﻿簇,18,
﻿缠,18,
﻿败,18,
﻿孔,18,
﻿荡,18,
﻿违,18,
﻿丰,18,
﻿姿,18,
﻿职,18,
﻿阶,18,
﻿业,18,
﻿举,18,
﻿贺,18,
﻿部,18,
﻿换,18,
﻿压,18,
﻿输,18,
﻿召,18,
﻿酬,18,
﻿颠,18,
﻿雕,18,
﻿廊,18,
﻿围,18,
﻿汝,18,
﻿遗,18,
﻿婵,18,
﻿幅,18,
﻿赖,18,
﻿曹,18,
﻿巴,18,
﻿潘,18,
﻿跟,18,
﻿耻,18,
﻿站,18,
﻿趱,17,
﻿衫,17,
﻿疾,17,
﻿箭,17,
﻿屏,17,
﻿寇,17,
﻿黑,17,
﻿鸦,17,
﻿绵,17,
﻿宜,17,
﻿拼,17,
﻿扯,17,
﻿插,17,
﻿廷,17,
﻿撞,17,
﻿赤,17,
﻿溜,17,
﻿潜,17,
﻿炉,17,
﻿选,17,
﻿䖏,17,
﻿始,17,
﻿坚,17,
﻿邦,17,
﻿横,17,
﻿伺,17,
﻿限,17,
﻿仔,17,
﻿蜀,17,
﻿顷,17,
﻿哄,17,
﻿昔,17,
﻿箫,17,
﻿描,17,
﻿叨,17,
﻿证,17,
﻿拈,17,
﻿唵,17,
﻿隶,17,
﻿决,17,
﻿浑,17,
﻿油,17,
﻿趣,17,
﻿尸,17,
﻿损,17,
﻿徽,17,
﻿祖,16,
﻿村,16,
﻿聼,16,
﻿柔,16,
﻿闱,16,
﻿嫁,16,
﻿旺,16,
﻿笼,16,
﻿熟,16,
﻿层,16,
﻿积,16,
﻿斩,16,
﻿鞭,16,
﻿携,16,
﻿详,16,
﻿销,16,
﻿浓,16,
﻿昭,16,
﻿架,16,
﻿寝,16,
﻿板,16,
﻿轮,16,
﻿谷,16,
﻿渺,16,
﻿乞,16,
﻿疼,16,
﻿[,16,
﻿|,16,
﻿],16,
﻿竒,16,
﻿披,16,
﻿席,16,
﻿辰,16,
﻿俊,16,
﻿危,16,
﻿狱,16,
﻿贪,16,
﻿灭,16,
﻿嗟,16,
﻿境,16,
﻿品,16,
﻿猴,16,
﻿奶,15,
﻿策,15,
﻿昼,15,
﻿操,15,
﻿纪,15,
﻿岸,15,
﻿啊,15,
﻿杳,15,
﻿媳,15,
﻿吉,15,
﻿逗,15,
﻿仇,15,
﻿罚,15,
﻿智,15,
﻿乔,15,
﻿腹,15,
﻿仝,15,
﻿陀,15,
﻿角,15,
﻿魄,15,
﻿梢,15,
﻿帏,15,
﻿刺,15,
﻿布,15,
﻿鞍,15,
﻿悔,15,
﻿吊,15,
﻿夏,15,
﻿授,15,
﻿笺,15,
﻿占,15,
﻿绡,15,
﻿益,15,
﻿咍,15,
﻿运,15,
﻿暖,15,
﻿笙,15,
﻿雷,15,
﻿川,15,
﻿肆,15,
﻿采,15,
﻿鹃,15,
﻿辈,15,
﻿榜,15,
﻿谐,15,
﻿尾,15,
﻿𩙱,15,
﻿喔,15,
﻿羝,15,
井,14,
﻿频,14,
﻿宁,14,
﻿榻,14,
﻿搅,14,
﻿擒,14,
﻿臭,14,
﻿灾,14,
﻿袍,14,
﻿郊,14,
﻿网,14,
﻿诛,14,
﻿韶,14,
﻿唇,14,
﻿欺,14,
﻿寸,14,
﻿钩,14,
﻿社,14,
﻿稷,14,
﻿帅,14,
﻿宰,14,
﻿允,14,
﻿盖,14,
﻿轩,14,
﻿抹,14,
﻿娱,14,
﻿壮,14,
﻿桩,14,
﻿瞧,14,
﻿拆,14,
﻿涂,14,
﻿宛,14,
﻿缺,14,
﻿芙,14,
﻿蓉,14,
﻿焦,14,
﻿恹,14,
﻿衷,14,
﻿琵,14,
﻿琶,14,
﻿镇,14,
﻿轰,14,
﻿遂,14,
﻿乍,14,
﻿鉴,14,
﻿𠅘,14,
﻿丁,14,
﻿梳,14,
﻿针,14,
﻿肖,14,
﻿戏,14,
﻿谈,14,
﻿匆,14,
﻿祥,14,
﻿浣,14,
﻿狠,14,
﻿恕,14,
﻿嚜,14,
﻿驰,13,
﻿𠒇,13,
﻿旅,13,
﻿伶,13,
﻿嫌,13,
﻿县,13,
﻿款,13,
﻿鞋,13,
﻿禀,13,
﻿巾,13,
﻿津,13,
﻿姬,13,
﻿盆,13,
﻿旌,13,
﻿枪,13,
﻿扑,13,
﻿匹,13,
﻿擅,13,
﻿充,13,
﻿助,13,
﻿梨,13,
﻿丞,13,
﻿夸,13,
﻿珮,13,
﻿脂,13,
﻿塘,13,
﻿潇,13,
﻿霭,13,
﻿态,13,
﻿倩,13,
﻿仓,13,
﻿刚,13,
﻿旁,13,
﻿墓,13,
﻿澄,13,
﻿虑,13,
﻿央,13,
﻿歷,13,
﻿某,13,
﻿穆,13,
﻿浩,13,
﻿佩,13,
﻿菩,13,
﻿萨,13,
﻿印,13,
﻿嗔,13,
﻿绛,13,
﻿慕,13,
﻿𠁅,13,
﻿崔,13,
﻿鹦,13,
﻿洪,13,
﻿彀,12,
﻿您,12,
﻿债,12,
﻿桶,12,
﻿筹,12,
﻿棒,12,
﻿辱,12,
﻿泼,12,
﻿兼,12,
﻿牧,12,
﻿朗,12,
﻿扣,12,
﻿抵,12,
﻿阻,12,
﻿斟,12,
﻿妒,12,
﻿谋,12,
﻿队,12,
﻿献,12,
﻿喇,12,
﻿喑,12,
﻿甲,12,
﻿财,12,
﻿屁,12,
﻿鲁,12,
﻿卧,12,
﻿委,12,
﻿塞,12,
﻿珍,12,
﻿郑,12,
﻿堤,12,
﻿市,12,
﻿谜,12,
﻿舅,12,
﻿蜂,12,
﻿迁,12,
﻿注,12,
﻿墨,12,
﻿另,12,
﻿犀,12,
﻿审,12,
﻿蛾,12,
﻿幕,12,
﻿祸,12,
﻿孜,12,
﻿腮,12,
﻿冬,12,
﻿坡,12,
﻿惶,12,
﻿肝,12,
﻿阙,12,
﻿羙,12,
﻿劫,12,
﻿仁,12,
﻿洗,12,
﻿咏,12,
﻿筝,12,
﻿殷,12,
﻿栖,12,
﻿兆,12,
﻿苔,12,
﻿脉,12,
﻿簪,12,
﻿史,12,
﻿棼,12,
﻿泣,12,
﻿饿,12,
﻿弱,11,
﻿瞻,11,
﻿嘚,11,
﻿乏,11,
﻿派,11,
﻿缕,11,
﻿剖,11,
﻿雠,11,
﻿犬,11,
﻿茅,11,
﻿厚,11,
﻿喂,11,
﻿枯,11,
﻿翁,11,
﻿童,11,
﻿杏,11,
﻿赋,11,
﻿宇,11,
﻿专,11,
﻿凶,11,
﻿萱,11,
﻿寥,11,
﻿畅,11,
﻿鬥,11,
﻿激,11,
﻿谓,11,
﻿晨,11,
﻿戈,11,
﻿桑,11,
﻿呷,11,
﻿伍,11,
﻿铺,11,
﻿胸,11,
﻿夺,11,
﻿爵,11,
﻿尉,11,
﻿朋,11,
﻿股,11,
﻿睁,11,
﻿淹,11,
﻿麻,11,
﻿基,11,
﻿沾,11,
﻿晌,11,
﻿包,11,
﻿撑,11,
﻿效,11,
﻿肩,11,
﻿媚,11,
﻿适,11,
﻿泄,11,
﻿睹,11,
﻿祝,11,
﻿翩,11,
﻿扰,11,
﻿摧,11,
﻿驱,11,
﻿巡,11,
﻿洛,11,
﻿碗,11,
﻿苑,11,
﻿恍,11,
﻿跑,11,
﻿辨,11,
﻿织,11,
﻿割,11,
﻿荆,11,
﻿项,11,
﻿躬,11,
﻿侠,11,
﻿捣,11,
﻿午,11,
﻿戴,11,
﻿宅,11,
﻿搬,11,
﻿帆,11,
﻿椿,11,
﻿坛,11,
﻿爽,11,
﻿刮,11,
﻿聘,11,
﻿苗,11,
﻿啧,11,
﻿兮,11,
﻿蕉,11,
﻿颓,10,
﻿垣,10,
﻿冒,10,
﻿喉,10,
﻿或,10,
﻿嫂,10,
﻿店,10,
﻿稀,10,
﻿凰,10,
﻿谅,10,
﻿筋,10,
﻿闗,10,
﻿巢,10,
﻿博,10,
﻿汗,10,
﻿揣,10,
﻿猿,10,
﻿尀,10,
﻿砍,10,
﻿块,10,
﻿伐,10,
﻿集,10,
﻿瑞,10,
﻿锋,10,
﻿伸,10,
﻿较,10,
﻿帖,10,
﻿规,10,
﻿抓,10,
﻿宋,10,
﻿治,10,
﻿质,10,
﻿障,10,
﻿颦,10,
﻿窃,10,
﻿伙,10,
﻿味,10,
﻿私,10,
﻿瓦,10,
﻿飕,10,
﻿担,10,
﻿钦,10,
﻿孽,10,
﻿晶,10,
﻿砚,10,
﻿旋,10,
﻿鸿,10,
﻿忆,10,
﻿增,10,
﻿荧,10,
﻿纤,10,
﻿戒,10,
﻿厌,10,
﻿喳,10,
﻿视,10,
﻿邀,10,
﻿痕,10,
﻿餐,10,
﻿鹊,10,
﻿慌,10,
﻿碌,10,
﻿支,10,
﻿铃,10,
﻿尝,10,
﻿填,10,
﻿冥,10,
﻿躯,10,
﻿敕,10,
﻿硬,10,
﻿辜,10,
﻿凝,10,
﻿糊,10,
﻿泛,10,
﻿污,10,
﻿抢,10,
﻿屈,10,
﻿惭,10,
﻿蔵,10,
﻿属,10,
﻿嚷,10,
﻿篇,10,
﻿算,10,
﻿稍,10,
﻿萍,10,
﻿拖,10,
﻿铮,10,
﻿灰,10,
﻿锺,10,
﻿瓜,10,
﻿源,10,
﻿烂,10,
﻿莹,10,
﻿拘,10,
﻿沟,10,
﻿渠,10,
﻿骗,10,
﻿诈,10,
﻿泰,10,
﻿惺,10,
﻿𠳶,10,
﻿臧,10,
﻿钻,10,
﻿后,10,
﻿囬,10,
﻿继,9,
﻿骤,9,
﻿乖,9,
﻿囚,9,
﻿兜,9,
﻿洁,9,
﻿毒,9,
﻿查,9,
﻿险,9,
﻿佑,9,
﻿案,9,
﻿挣,9,
﻿农,9,
﻿趋,9,
﻿斑,9,
﻿舌,9,
﻿桌,9,
﻿肚,9,
﻿摸,9,
﻿沐,9,
﻿仍,9,
﻿探,9,
﻿浆,9,
﻿潮,9,
﻿坠,9,
﻿腔,9,
﻿示,9,
﻿昂,9,
﻿瑜,9,
﻿鬚,9,
﻿睛,9,
﻿统,9,
﻿黛,9,
﻿胧,9,
﻿郭,9,
﻿射,9,
﻿逞,9,
﻿拟,9,
﻿躲,9,
﻿熬,9,
﻿套,9,
﻿瓶,9,
﻿订,9,
﻿捧,9,
﻿肢,9,
﻿舒,9,
﻿卒,9,
﻿迸,9,
﻿贴,9,
﻿汪,9,
﻿击,9,
﻿骸,9,
﻿幻,9,
﻿纳,9,
﻿谎,9,
﻿攘,9,
﻿旛,9,
﻿莱,9,
﻿愧,9,
﻿剩,9,
﻿霸,9,
﻿殃,9,
﻿臂,9,
﻿吁,9,
﻿愚,9,
﻿蝴,9,
﻿赚,9,
﻿捉,9,
﻿宾,9,
﻿栊,9,
﻿呒,9,
﻿牌,9,
﻿哑,9,
﻿-,9,
﻿嚇,9,
﻿搂,9,
﻿阅,9,
﻿湘,9,
﻿晴,9,
﻿缝,9,
﻿嫩,9,
﻿谨,9,
﻿涉,9,
﻿副,9,
﻿剪,9,
﻿岳,9,
﻿𢙢,9,
﻿侧,9,
﻿兢,9,
﻿茗,9,
﻿划,9,
﻿赞,9,
﻿课,9,
﻿畜,9,
﻿悟,9,
﻿库,9,
﻿孺,9,
﻿黯,8,
﻿艰,8,
﻿邱,8,
﻿襟,8,
﻿屋,8,
﻿哫,8,
﻿赠,8,
﻿庄,8,
﻿谏,8,
﻿咫,8,
﻿磕,8,
﻿束,8,
﻿冢,8,
﻿搜,8,
﻿杰,8,
﻿懂,8,
﻿吕,8,
﻿亮,8,
﻿减,8,
﻿务,8,
﻿卜,8,
﻿帽,8,
﻿擎,8,
﻿裹,8,
﻿翅,8,
﻿坤,8,
﻿勋,8,
﻿侣,8,
﻿惠,8,
﻿酸,8,
﻿莽,8,
﻿睬,8,
﻿拂,8,
﻿制,8,
﻿酥,8,
﻿米,8,
﻿蒂,8,
﻿掉,8,
﻿慰,8,
﻿置,8,
﻿鲜,8,
﻿喷,8,
﻿觞,8,
﻿欹,8,
﻿敌,8,
﻿慵,8,
﻿捐,8,
﻿昧,8,
﻿溶,8,
﻿裁,8,
﻿吞,8,
﻿堕,8,
﻿炒,8,
﻿丛,8,
﻿囊,8,
﻿姊,8,
﻿馥,8,
﻿襄,8,
﻿迤,8,
﻿跨,8,
﻿焉,8,
﻿暇,8,
﻿跷,8,
﻿蹊,8,
﻿耽,8,
﻿妓,8,
﻿哇,8,
﻿朦,8,
﻿呖,8,
﻿耿,8,
﻿践,8,
﻿晋,8,
﻿鬍,8,
﻿聴,8,
﻿蜡,8,
﻿晕,8,
﻿哦,8,
﻿尖,8,
﻿耀,8,
﻿鲍,8,
﻿契,8,
﻿夷,8,
﻿削,8,
﻿虞,8,
﻿俏,8,
﻿灞,8,
﻿诏,8,
﻿𤼵,8,
﻿颈,8,
﻿悯,8,
﻿滔,8,
﻿扮,8,
﻿呆,8,
﻿唾,8,
﻿蝼,8,
﻿芭,8,
﻿窥,8,
﻿资,8,
﻿轴,8,
﻿巍,8,
﻿诞,8,
﻿徐,7,
﻿裘,7,
﻿邉,7,
﻿类,7,
﻿歹,7,
﻿聚,7,
﻿钓,7,
﻿柴,7,
﻿栋,7,
﻿嗗,7,
﻿曰,7,
﻿演,7,
﻿营,7,
﻿摩,7,
﻿猊,7,
﻿哗,7,
﻿隆,7,
﻿椒,7,
﻿偎,7,
﻿蟠,7,
﻿斯,7,
﻿贯,7,
﻿附,7,
﻿例,7,
﻿凑,7,
﻿欠,7,
﻿娉,7,
﻿婷,7,
﻿聪,7,
﻿创,7,
﻿娃,7,
﻿俗,7,
﻿𠋣,7,
﻿佯,7,
﻿饱,7,
﻿森,7,
﻿勉,7,
﻿圈,7,
﻿梧,7,
﻿桐,7,
﻿篆,7,
﻿翰,7,
﻿惯,7,
﻿飏,7,
﻿嵬,7,
﻿瑟,7,
﻿驿,7,
﻿叙,7,
﻿怆,7,
﻿奠,7,
﻿练,7,
﻿逰,7,
﻿挥,7,
﻿掷,7,
﻿撮,7,
﻿辉,7,
﻿𣼛,7,
﻿绾,7,
﻿疆,7,
﻿叮,7,
﻿葛,7,
﻿菜,7,
﻿党,7,
﻿匡,7,
﻿喘,7,
﻿凹,7,
﻿暴,7,
﻿灿,7,
﻿淋,7,
﻿祗,7,
﻿㸃,7,
﻿柬,7,
﻿器,7,
﻿腼,7,
﻿苟,7,
﻿呣,7,
﻿夭,7,
﻿掘,7,
﻿轿,7,
﻿阮,7,
﻿糟,7,
﻿嘹,7,
﻿绪,7,
﻿帕,7,
﻿麟,7,
﻿颇,7,
﻿扎,7,
﻿沧,7,
﻿润,7,
﻿弓,7,
﻿穹,7,
﻿嫡,7,
﻿监,7,
﻿憔,7,
﻿缁,7,
﻿秃,7,
﻿磬,7,
﻿帛,7,
﻿竭,7,
﻿摹,7,
﻿从,7,
﻿邯,7,
﻿郸,7,
﻿淮,7,
﻿颤,7,
﻿樱,7,
﻿郞,7,
﻿萝,7,
﻿廿,7,
﻿攀,7,
﻿鹉,7,
﻿局,7,
﻿溅,7,
﻿熖,7,
﻿卸,6,
﻿眸,6,
﻿仃,6,
﻿厐,6,
﻿夀,6,
﻿鹰,6,
﻿抚,6,
﻿艺,6,
﻿衡,6,
﻿拔,6,
﻿佞,6,
﻿撒,6,
﻿沸,6,
﻿刃,6,
﻿够,6,
﻿罩,6,
﻿振,6,
﻿材,6,
﻿醪,6,
﻿撤,6,
﻿胎,6,
﻿纲,6,
﻿旷,6,
﻿擂,6,
﻿猖,6,
﻿呐,6,
﻿绑,6,
﻿挺,6,
﻿稿,6,
﻿屠,6,
﻿矩,6,
﻿芦,6,
﻿政,6,
﻿册,6,
﻿𠺽,6,
﻿区,6,
﻿镫,6,
﻿绮,6,
﻿懐,6,
﻿纨,6,
﻿泽,6,
﻿寓,6,
﻿拣,6,
﻿赛,6,
﻿膏,6,
﻿涌,6,
﻿竖,6,
﻿拍,6,
﻿绽,6,
﻿毫,6,
﻿抄,6,
﻿龟,6,
﻿驻,6,
﻿返,6,
﻿恙,6,
﻿墀,6,
﻿触,6,
﻿豆,6,
﻿巨,6,
﻿褪,6,
﻿鬟,6,
﻿陷,6,
﻿缓,6,
﻿檐,6,
﻿淅,6,
﻿赢,6,
﻿谤,6,
﻿联,6,
﻿肺,6,
﻿膝,6,
﻿俄,6,
﻿珊,6,
﻿刬,6,
﻿匝,6,
﻿蒿,6,
﻿笛,6,
﻿夙,6,
﻿嘱,6,
﻿虹,6,
﻿忉,6,
﻿蕊,6,
﻿训,6,
﻿喒,6,
﻿栽,6,
﻿骢,6,
﻿概,6,
﻿裱,6,
﻿邪,6,
﻿夤,6,
﻿玷,6,
﻿捏,6,
﻿拙,6,
﻿缥,6,
﻿腆,6,
﻿嚼,6,
﻿寛,6,
﻿𡨚,6,
﻿聋,6,
﻿窝,6,
﻿埽,6,
﻿麒,6,
﻿洲,6,
﻿株,6,
﻿甜,6,
﻿扒,6,
﻿剐,6,
﻿纒,6,
﻿樽,6,
﻿拦,6,
﻿浊,6,
﻿薰,6,
﻿冻,6,
﻿耶,6,
﻿挽,6,
﻿涎,6,
﻿(,6,
﻿）,6,
﻿杖,6,
﻿涛,6,
﻿虔,6,
﻿揾,6,
﻿忌,6,
﻿慧,6,
﻿象,6,
﻿押,6,
﻿谗,6,
﻿徳,6,
﻿普,6,
﻿遁,6,
﻿屡,6,
﻿芍,6,
﻿侵,6,
﻿袜,6,
﻿荼,6,
﻿循,6,
﻿俨,6,
﻿康,6,
﻿窣,6,
﻿悴,6,
﻿棍,6,
﻿碾,6,
﻿虏,6,
﻿固,6,
﻿廉,6,
﻿靖,6,
﻿涓,6,
﻿梯,6,
﻿枰,6,
﻿巷,6,
﻿舫,6,
﻿雏,6,
﻿冀,6,
﻿旙,6,
﻿仩,6,
﻿忝,5,
﻿𣨼,5,
﻿様,5,
﻿抽,5,
﻿惮,5,
﻿琉,5,
﻿璃,5,
﻿塑,5,
﻿狡,5,
﻿樵,5,
﻿绯,5,
﻿蛮,5,
﻿毡,5,
﻿炮,5,
﻿崩,5,
﻿嫉,5,
﻿柄,5,
﻿喊,5,
﻿爬,5,
﻿歪,5,
﻿责,5,
﻿唏,5,
﻿菱,5,
﻿罕,5,
﻿姚,5,
﻿粟,5,
﻿骚,5,
﻿宽,5,
﻿怅,5,
﻿飮,5,
﻿鄕,5,
﻿吿,5,
﻿舆,5,
﻿函,5,
﻿𤨔,5,
﻿豺,5,
﻿奋,5,
﻿榭,5,
﻿歳,5,
﻿麝,5,
﻿截,5,
﻿拏,5,
﻿芽,5,
﻿亚,5,
﻿夹,5,
﻿酣,5,
﻿僚,5,
﻿萼,5,
﻿谬,5,
﻿蛛,5,
﻿瓣,5,
﻿蘸,5,
﻿亸,5,
﻿哽,5,
﻿漾,5,
﻿偿,5,
﻿悦,5,
﻿桚,5,
﻿筑,5,
﻿胥,5,
﻿妍,5,
﻿倍,5,
﻿齿,5,
﻿坊,5,
﻿宸,5,
﻿玳,5,
﻿砌,5,
﻿皎,5,
﻿钧,5,
﻿续,5,
﻿殒,5,
﻿涟,5,
﻿谪,5,
﻿批,5,
﻿枷,5,
﻿范,5,
﻿勇,5,
﻿噪,5,
﻿电,5,
﻿恣,5,
﻿衔,5,
﻿攻,5,
﻿卢,5,
﻿肥,5,
﻿蛆,5,
﻿恢,5,
﻿拷,5,
﻿荅,5,
﻿蕤,5,
﻿考,5,
﻿岛,5,
﻿垒,5,
﻿滞,5,
﻿𢡖,5,
﻿糠,5,
﻿岩,5,
﻿篱,5,
﻿靶,5,
﻿谦,5,
﻿箱,5,
﻿髒,5,
﻿侬,5,
﻿嚭,5,
﻿魆,5,
﻿蠡,5,
﻿俦,5,
﻿逝,5,
﻿醺,5,
﻿卵,5,
﻿蹉,5,
﻿跎,5,
﻿噢,5,
﻿禽,5,
﻿奁,5,
﻿霏,5,
﻿袂,5,
﻿峡,5,
﻿迈,5,
﻿焰,5,
﻿咛,5,
﻿翦,5,
﻿陇,5,
﻿徨,5,
﻿掇,5,
﻿啰,5,
﻿惑,5,
﻿察,5,
﻿缈,5,
﻿鲛,5,
﻿递,5,
﻿寗,5,
﻿撰,5,
﻿医,5,
﻿儒,5,
﻿娄,5,
﻿缱,5,
﻿喏,5,
﻿妥,5,
﻿啭,5,
﻿髻,5,
﻿𬬻,5,
﻿蛩,5,
﻿典,5,
﻿逺,5,
﻿煌,5,
﻿躱,5,
﻿𥦗,5,
﻿挫,5,
﻿薇,5,
﻿圹,5,
﻿裂,5,
﻿庇,5,
﻿煮,5,
﻿嘶,5,
﻿陌,5,
﻿氤,5,
﻿氲,5,
﻿仰,5,
﻿羹,5,
﻿昆,5,
﻿剜,5,
﻿玄,5,
﻿挟,4,
﻿遨,4,
﻿豚,4,
﻿逍,4,
﻿陋,4,
﻿週,4,
﻿湾,4,
﻿窦,4,
﻿寨,4,
﻿咬,4,
﻿旬,4,
﻿隠,4,
﻿忿,4,
﻿荐,4,
﻿唔,4,
﻿叛,4,
﻿蛟,4,
﻿皋,4,
﻿粮,4,
﻿给,4,
﻿诵,4,
﻿攒,4,
﻿谣,4,
﻿具,4,
﻿扳,4,
﻿钢,4,
﻿爪,4,
﻿戮,4,
﻿遵,4,
﻿劣,4,
﻿垓,4,
﻿铠,4,
﻿庶,4,
﻿奖,4,
﻿庸,4,
﻿辇,4,
﻿韬,4,
﻿膺,4,
﻿狐,4,
﻿赊,4,
﻿毁,4,
﻿钞,4,
﻿术,4,
﻿杂,4,
﻿烘,4,
﻿鳞,4,
﻿棘,4,
﻿胭,4,
﻿融,4,
﻿𢗅,4,
﻿勘,4,
﻿棃,4,
﻿习,4,
﻿寐,4,
﻿兽,4,
﻿萦,4,
﻿竿,4,
﻿窟,4,
﻿串,4,
﻿烽,4,
﻿聒,4,
﻿茔,4,
﻿翼,4,
﻿促,4,
﻿挡,4,
﻿𦶟,4,
﻿歧,4,
﻿刷,4,
﻿瑕,4,
﻿跋,4,
﻿癞,4,
﻿挤,4,
﻿鹿,4,
﻿腥,4,
﻿绰,4,
﻿愆,4,
﻿夗,4,
﻿榆,4,
﻿炼,4,
﻿跄,4,
﻿幢,4,
﻿呈,4,
﻿翔,4,
﻿蒲,4,
﻿冈,4,
﻿辕,4,
﻿骄,4,
﻿控,4,
﻿缰,4,
﻿希,4,
﻿痒,4,
﻿仲,4,
﻿谩,4,
﻿詹,4,
﻿缔,4,
﻿搁,4,
﻿妁,4,
﻿揭,4,
﻿鼻,4,
﻿诽,4,
﻿覅,4,
﻿诰,4,
﻿匙,4,
﻿梗,4,
﻿湛,4,
﻿砖,4,
﻿碍,4,
﻿雍,4,
﻿荤,4,
﻿炖,4,
﻿葱,4,
﻿瞎,4,
﻿猩,4,
﻿葭,4,
﻿剥,4,
﻿迓,4,
﻿妄,4,
﻿饼,4,
﻿沁,4,
﻿𩯭,4,
﻿嗽,4,
﻿殊,4,
﻿徙,4,
﻿桡,4,
﻿槛,4,
﻿窿,4,
﻿笏,4,
﻿缆,4,
﻿鬬,4,
﻿伞,4,
﻿弑,4,
﻿𠴆,4,
﻿淸,4,
﻿顽,4,
﻿搔,4,
﻿悮,4,
﻿媾,4,
﻿邻,4,
﻿扉,4,
﻿虫,4,
﻿族,4,
﻿燥,4,
﻿槎,4,
﻿𧟰,4,
﻿拳,4,
﻿熏,4,
﻿啘,4,
﻿偈,4,
﻿腊,4,
﻿询,4,
﻿妮,4,
﻿瓯,4,
﻿蠢,4,
﻿呕,4,
﻿浸,4,
﻿督,4,
﻿崖,4,
﻿徬,4,
﻿㦲,4,
﻿闵,4,
﻿究,4,
﻿彻,4,
﻿欣,4,
﻿鼐,4,
﻿杆,4,
﻿帔,4,
﻿斧,4,
﻿鬭,4,
﻿𢬵,4,
﻿废,4,
﻿僵,4,
﻿悭,4,
﻿蘼,4,
﻿郁,4,
﻿俞,4,
﻿驴,4,
﻿掂,4,
﻿徘,4,
﻿徊,4,
﻿冶,4,
﻿绢,4,
﻿冗,4,
﻿漠,4,
﻿庐,4,
﻿痊,4,
﻿琅,4,
﻿择,4,
﻿肌,4,
﻿瞥,4,
﻿姣,4,
﻿椘,4,
﻿龄,4,
﻿拢,4,
﻿觧,4,
﻿棺,4,
﻿賔,4,
﻿膻,4,
﻿滋,4,
﻿婴,4,
﻿莭,4,
﻿粒,4,
﻿刹,4,
﻿克,4,
﻿踹,4,
﻿卦,4,
﻿掀,4,
﻿遶,4,
﻿褥,4,
﻿浦,4,
﻿办,4,
﻿祚,4,
﻿𨼆,4,
﻿雉,4,
﻿畿,4,
﻿𡚖,4,
﻿闾,4,
﻿祷,4,
﻿鹭,4,
﻿庞,4,
﻿瑛,4,
﻿辆,4,
﻿枭,4,
﻿俘,4,
﻿魏,4,
﻿薛,4,
﻿衮,4,
﻿芊,4,
﻿赌,4,
﻿搧,4,
﻿㛮,4,
﻿嗨,4,
﻿篷,4,
﻿厨,3,
﻿汲,3,
﻿蛇,3,
﻿沛,3,
﻿穏,3,
﻿陶,3,
﻿焼,3,
﻿剌,3,
﻿涧,3,
﻿盾,3,
﻿酌,3,
﻿诤,3,
﻿斓,3,
﻿瞌,3,
﻿禾,3,
﻿握,3,
﻿孟,3,
﻿戟,3,
﻿抖,3,
﻿熊,3,
﻿嘡,3,
﻿锣,3,
﻿叱,3,
﻿盔,3,
﻿吸,3,
﻿粪,3,
﻿笠,3,
﻿矛,3,
﻿释,3,
﻿肃,3,
﻿虾,3,
﻿吱,3,
﻿揪,3,
﻿晖,3,
﻿邸,3,
﻿兹,3,
﻿浴,3,
﻿惧,3,
﻿惬,3,
﻿寰,3,
﻿窕,3,
﻿冯,3,
﻿偕,3,
﻿𪢮,3,
﻿谒,3,
﻿樊,3,
﻿沽,3,
﻿粗,3,
﻿符,3,
﻿遐,3,
﻿蹙,3,
﻿氛,3,
﻿颊,3,
﻿谙,3,
﻿黎,3,
﻿偃,3,
﻿疲,3,
﻿拗,3,
﻿葡,3,
﻿萄,3,
﻿蕙,3,
﻿奚,3,
﻿虗,3,
﻿鹄,3,
﻿测,3,
﻿浄,3,
﻿暝,3,
﻿缀,3,
﻿鼙,3,
﻿潼,3,
﻿飒,3,
﻿播,3,
﻿埃,3,
﻿萤,3,
﻿罄,3,
﻿匠,3,
﻿噷,3,
﻿腑,3,
﻿骊,3,
﻿菲,3,
﻿繁,3,
﻿弘,3,
﻿翡,3,
﻿狮,3,
﻿皓,3,
﻿梵,3,
﻿0,3,
﻿碑,3,
﻿穴,3,
﻿呜,3,
﻿籍,3,
﻿技,3,
﻿臾,3,
﻿敛,3,
﻿蹑,3,
﻿掣,3,
﻿𦙍,3,
﻿翘,3,
﻿渊,3,
﻿鳌,3,
﻿获,3,
﻿燎,3,
﻿缭,3,
﻿嫒,3,
﻿葺,3,
﻿冩,3,
﻿谯,3,
﻿畏,3,
﻿纎,3,
﻿魅,3,
﻿伦,3,
﻿嫖,3,
﻿炬,3,
﻿淫,3,
﻿咆,3,
﻿嘲,3,
﻿赔,3,
﻿荫,3,
﻿讥,3,
﻿验,3,
﻿宼,3,
﻿敝,3,
﻿𦂳,3,
﻿惚,3,
﻿据,3,
﻿役,3,
﻿帚,3,
﻿叉,3,
﻿洋,3,
﻿醋,3,
﻿辣,3,
﻿漆,3,
﻿蒹,3,
﻿剔,3,
﻿盹,3,
﻿唅,3,
﻿蛙,3,
﻿藉,3,
﻿症,3,
﻿贮,3,
﻿箸,3,
﻿咒,3,
﻿耨,3,
﻿雯,3,
﻿耸,3,
﻿袭,3,
﻿隈,3,
﻿楫,3,
﻿阜,3,
﻿蹈,3,
﻿螭,3,
﻿樯,3,
﻿拱,3,
﻿驹,3,
﻿楣,3,
﻿阔,3,
﻿谕,3,
﻿朽,3,
﻿漂,3,
﻿嗅,3,
﻿藕,3,
﻿诱,3,
﻿逑,3,
﻿履,3,
﻿烁,3,
﻿赘,3,
﻿鸭,3,
﻿呃,3,
﻿暑,3,
﻿袈,3,
﻿裟,3,
﻿厉,3,
﻿衬,3,
﻿僻,3,
﻿碰,3,
﻿腐,3,
﻿塌,3,
﻿式,3,
﻿拭,3,
﻿蓑,3,
﻿腌,3,
﻿臜,3,
﻿昌,3,
﻿刎,3,
﻿岑,3,
﻿棹,3,
﻿吠,3,
﻿汀,3,
﻿羁,3,
﻿䏻,3,
﻿坑,3,
﻿阱,3,
﻿劈,3,
﻿𠜇,3,
﻿涵,3,
﻿仆,3,
﻿簿,3,
﻿闯,3,
﻿弩,3,
﻿混,3,
﻿耗,3,
﻿佐,3,
﻿臻,3,
﻿嗣,3,
﻿逸,3,
﻿娩,3,
﻿狈,3,
﻿警,3,
﻿剧,3,
﻿雎,3,
﻿绸,3,
﻿厯,3,
﻿潸,3,
﻿㡬,3,
﻿拒,3,
﻿尤,3,
﻿发,3,
﻿愈,3,
﻿须,3,
﻿敷,3,
﻿霍,3,
﻿吏,3,
﻿胶,3,
﻿膳,3,
﻿嵌,3,
﻿窨,3,
﻿撚,3,
﻿杵,3,
﻿玕,3,
﻿酡,3,
﻿嚏,3,
﻿醮,3,
﻿嶽,3,
﻿卺,3,
﻿筛,3,
﻿录,3,
﻿抗,3,
﻿丕,3,
﻿豫,3,
﻿辄,3,
﻿羯,3,
﻿宪,3,
﻿柱,3,
﻿衲,3,
﻿娑,3,
﻿枚,3,
﻿货,3,
﻿唧,3,
﻿哝,3,
﻿锥,3,
﻿珙,3,
﻿肤,3,
﻿肮,3,
﻿㝎,3,
﻿𫜪,3,
﻿寞,3,
﻿蝇,3,
﻿螺,3,
﻿𨶚,3,
﻿贲,3,
﻿蔡,3,
﻿邕,3,
﻿芜,3,
﻿瘁,3,
﻿逮,3,
﻿绳,3,
﻿蔷,3,
﻿筒,3,
﻿𪩘,3,
﻿怏,3,
﻿需,3,
﻿患,3,
﻿翱,3,
﻿饷,3,
﻿缉,3,
﻿藐,3,
﻿潭,3,
﻿隘,3,
﻿辽,3,
﻿沦,3,
﻿柏,3,
﻿泡,3,
﻿泊,3,
﻿奎,3,
﻿獗,3,
﻿篡,3,
﻿邑,3,
﻿骏,3,
﻿踱,3,
﻿牲,3,
﻿觔,3,
﻿鳯,3,
﻿账,3,
﻿盅,3,
﻿伬,3,
﻿洽,3,
﻿瓮,2,
﻿疚,2,
﻿僝,2,
﻿僽,2,
﻿皱,2,
﻿茕,2,
﻿疋,2,
﻿煤,2,
﻿优,2,
﻿遘,2,
﻿黍,2,
﻿麦,2,
﻿岖,2,
﻿𫔇,2,
﻿脐,2,
﻿匾,2,
﻿髪,2,
﻿俅,2,
﻿浇,2,
﻿啕,2,
﻿叟,2,
﻿秤,2,
﻿尬,2,
﻿厄,2,
﻿屎,2,
﻿炷,2,
﻿纣,2,
﻿烙,2,
﻿虿,2,
﻿哺,2,
﻿聨,2,
﻿咚,2,
﻿哨,2,
﻿芥,2,
﻿绦,2,
﻿捆,2,
﻿衽,2,
﻿芒,2,
﻿骓,2,
﻿嚣,2,
﻿冕,2,
﻿措,2,
﻿陨,2,
﻿胄,2,
﻿窈,2,
﻿嫔,2,
﻿褒,2,
﻿仿,2,
﻿彤,2,
﻿予,2,
﻿旖,2,
﻿旎,2,
﻿仕,2,
﻿隅,2,
﻿敞,2,
﻿汾,2,
﻿偢,2,
﻿僭,2,
﻿竞,2,
﻿甍,2,
﻿谶,2,
﻿遽,2,
﻿脯,2,
﻿蹰,2,
﻿衢,2,
﻿蛊,2,
﻿纹,2,
﻿濯,2,
﻿擢,2,
﻿臆,2,
﻿脾,2,
﻿啔,2,
﻿疴,2,
﻿舄,2,
﻿𥥆,2,
﻿裯,2,
﻿俯,2,
﻿蜘,2,
﻿飐,2,
﻿𬞟,2,
﻿互,2,
﻿腕,2,
﻿迳,2,
﻿晏,2,
﻿碜,2,
﻿辔,2,
﻿峨,2,
﻿崚,2,
﻿嶒,2,
﻿届,2,
﻿酿,2,
﻿抔,2,
﻿祠,2,
﻿窜,2,
﻿鹫,2,
﻿沿,2,
﻿凋,2,
﻿謩,2,
﻿峤,2,
﻿泠,2,
﻿缑,2,
﻿唳,2,
﻿剨,2,
﻿銮,2,
﻿鸱,2,
﻿鸮,2,
﻿臊,2,
﻿牒,2,
﻿咨,2,
﻿衍,2,
﻿腻,2,
﻿𦂶,2,
﻿璚,2,
﻿导,2,
﻿咸,2,
﻿卓,2,
﻿鞠,2,
﻿诺,2,
﻿𨓦,2,
﻿潦,2,
﻿蹀,2,
﻿躞,2,
﻿貂,2,
﻿宄,2,
﻿晃,2,
﻿骁,2,
﻿鹞,2,
﻿蹴,2,
﻿锄,2,
﻿烹,2,
﻿籖,2,
﻿蠧,2,
﻿删,2,
﻿贻,2,
﻿绊,2,
﻿鳏,2,
﻿椽,2,
﻿魇,2,
﻿匏,2,
﻿斤,2,
﻿魈,2,
﻿卤,2,
﻿预,2,
﻿哮,2,
﻿吪,2,
﻿嘈,2,
﻿葳,2,
﻿殴,2,
﻿虀,2,
﻿诳,2,
﻿瀛,2,
﻿砂,2,
﻿磁,2,
﻿葫,2,
﻿忤,2,
﻿筷,2,
﻿撩,2,
﻿咙,2,
﻿叽,2,
﻿呱,2,
﻿腿,2,
﻿球,2,
﻿葩,2,
﻿槌,2,
﻿祟,2,
﻿刴,2,
﻿𠳾,2,
﻿怡,2,
﻿㳺,2,
﻿检,2,
﻿皈,2,
﻿健,2,
﻿熳,2,
﻿茸,2,
﻿踞,2,
﻿泾,2,
﻿玲,2,
﻿珑,2,
﻿矗,2,
﻿鹢,2,
﻿陂,2,
﻿赦,2,
﻿阀,2,
﻿恒,2,
﻿祀,2,
﻿吵,2,
﻿砧,2,
﻿廓,2,
﻿缚,2,
﻿肘,2,
﻿鍪,2,
﻿庚,2,
﻿轧,2,
﻿枒,2,
﻿𠿭,2,
﻿忏,2,
﻿剃,2,
﻿鬱,2,
﻿㬟,2,
﻿坍,2,
﻿挝,2,
﻿瘟,2,
﻿钵,2,
﻿讶,2,
﻿迭,2,
﻿凳,2,
﻿裀,2,
﻿淑,2,
﻿馔,2,
﻿阆,2,
﻿懊,2,
﻿忱,2,
﻿卮,2,
﻿溺,2,
﻿默,2,
﻿恬,2,
﻿曙,2,
﻿賸,2,
﻿突,2,
﻿昙,2,
﻿吼,2,
﻿栉,2,
﻿髦,2,
﻿晤,2,
﻿従,2,
﻿卉,2,
﻿骇,2,
﻿罹,2,
﻿冦,2,
﻿涩,2,
﻿撺,2,
﻿率,2,
﻿蔴,2,
﻿捎,2,
﻿嚎,2,
﻿勺,2,
﻿堦,2,
﻿骈,2,
﻿喨,2,
﻿秘,2,
﻿䘮,2,
﻿霆,2,
﻿悉,2,
﻿缪,2,
﻿耦,2,
﻿姗,2,
﻿蚕,2,
﻿涡,2,
﻿炎,2,
﻿姹,2,
﻿嫣,2,
﻿眄,2,
﻿吧,2,
﻿余,2,
﻿摄,2,
﻿雌,2,
﻿编,2,
﻿讯,2,
﻿懵,2,
﻿捻,2,
﻿钝,2,
﻿槁,2,
﻿瑱,2,
﻿觍,2,
﻿忑,2,
﻿眯,2,
﻿𥉐,2,
﻿峭,2,
﻿谑,2,
﻿帧,2,
﻿涴,2,
﻿坎,2,
﻿榇,2,
﻿骷,2,
﻿髅,2,
﻿匣,2,
﻿淂,2,
﻿𡵯,2,
﻿很,2,
﻿阎,2,
﻿粱,2,
﻿坼,2,
﻿忪,2,
﻿袄,2,
﻿掏,2,
﻿粘,2,
﻿诧,2,
﻿邛,2,
﻿濡,2,
﻿陡,2,
﻿咖,2,
﻿恳,2,
﻿暁,2,
﻿祇,2,
﻿渍,2,
﻿湏,2,
﻿玎,2,
﻿脑,2,
﻿伪,2,
﻿蹄,2,
﻿俐,2,
﻿炭,2,
﻿啖,2,
﻿䧟,2,
﻿馁,2,
﻿噎,2,
﻿辟,2,
﻿煖,2,
﻿旄,2,
﻿霰,2,
﻿鲰,2,
﻿诙,2,
﻿啮,2,
﻿鲤,2,
﻿茎,2,
﻿锯,2,
﻿曩,2,
﻿蓼,2,
﻿沼,2,
﻿澜,2,
﻿豁,2,
﻿迦,2,
﻿弁,2,
﻿宏,2,
﻿芝,2,
﻿晒,2,
﻿摘,2,
﻿㢤,2,
﻿纽,2,
﻿傧,2,
﻿溢,2,
﻿呾,2,
﻿傻,2,
﻿铙,2,
﻿宦,2,
﻿曈,2,
﻿蒨,2,
﻿瀼,2,
﻿咿,2,
﻿赭,2,
﻿跻,2,
﻿娆,2,
﻿纠,2,
﻿耕,2,
﻿熙,2,
﻿辅,2,
﻿𨤍,2,
﻿醁,2,
﻿绶,2,
﻿箔,2,
﻿菽,2,
﻿襕,2,
﻿簌,2,
﻿颗,2,
﻿揎,2,
﻿藩,2,
﻿尧,2,
﻿孥,2,
﻿瓢,2,
﻿级,2,
﻿壤,2,
﻿颅,2,
﻿戆,2,
﻿捷,2,
﻿棂,2,
﻿皿,2,
﻿捞,2,
﻿唗,2,
﻿巽,2,
﻿𩧻,2,
﻿蹬,2,
﻿苇,2,
﻿髓,2,
﻿括,2,
﻿陟,2,
﻿咾,2,
﻿殓,2,
﻿瞑,2,
﻿囡,2,
﻿壑,2,
﻿塜,2,
﻿鹍,2,
﻿鹣,2,
﻿窘,2,
﻿斲,2,
﻿罥,2,
﻿昊,2,
﻿阍,2,
﻿盐,2,
﻿甸,2,
﻿瞬,2,
﻿噩,2,
﻿漭,2,
﻿粼,2,
﻿蓁,2,
﻿嶙,2,
﻿峋,2,
﻿域,2,
﻿卞,2,
﻿珰,2,
﻿藓,2,
﻿拽,2,
﻿券,2,
﻿仅,2,
﻿励,2,
﻿驼,2,
﻿檄,2,
﻿迩,2,
﻿燐,2,
﻿谆,2,
﻿援,2,
﻿罔,2,
﻿储,2,
﻿璧,2,
﻿祧,2,
﻿沥,2,
﻿稚,2,
﻿飧,2,
﻿蕴,2,
﻿侃,2,
﻿匕,2,
﻿瀚,2,
﻿匈,2,
﻿嚯,2,
﻿窄,2,
﻿镂,2,
﻿楷,2,
﻿铅,2,
﻿啜,2,
﻿鸨,2,
﻿𡨜,2,
﻿薤,2,
﻿扭,2,
﻿儋,2,
﻿峻,2,
﻿胞,2,
﻿𫟿,2,
﻿弯,2,
﻿凛,2,
﻿诨,2,
﻿𣬿,2,
﻿孀,2,
﻿澶,2,
﻿滩,2,
﻿鸢,2,
﻿縁,2,
﻿阗,2,
﻿骖,2,
﻿贝,2,
﻿秾,2,
﻿籴,2,
﻿粜,2,
﻿艄,2,
﻿喃,2,
﻿屑,2,
﻿厘,2,
﻿愔,2,
﻿𤋣,2,
﻿孰,2,
﻿冉,2,
﻿渭,2,
﻿笳,2,
﻿涿,1,
﻿臼,1,
﻿歩,1,
﻿遒,1,
﻿𦾔,1,
﻿谿,1,
﻿椅,1,
﻿𡩖,1,
﻿呦,1,
﻿恤,1,
﻿缸,1,
﻿猎,1,
﻿﨑,1,
﻿跣,1,
﻿𥚃,1,
﻿邠,1,
﻿慿,1,
﻿剣,1,
﻿额,1,
﻿浒,1,
﻿卯,1,
﻿劬,1,
﻿啸,1,
﻿酝,1,
﻿痧,1,
﻿胀,1,
﻿餬,1,
﻿钉,1,
﻿尴,1,
﻿妲,1,
﻿姜,1,
﻿刁,1,
﻿校,1,
﻿齑,1,
﻿纭,1,
﻿𠹇,1,
﻿愰,1,
﻿狻,1,
﻿裣,1,
﻿邳,1,
﻿矮,1,
﻿廯,1,
﻿疥,1,
﻿蟆,1,
﻿捽,1,
﻿缨,1,
﻿挷,1,
﻿鏖,1,
﻿摔,1,
﻿纉,1,
﻿闼,1,
﻿掖,1,
﻿徵,1,
﻿嫱,1,
﻿嫟,1,
﻿搴,1,
﻿幌,1,
﻿漙,1,
﻿翥,1,
﻿磊,1,
﻿纶,1,
﻿滥,1,
﻿杞,1,
﻿柙,1,
﻿鼠,1,
﻿宙,1,
﻿绍,1,
﻿邮,1,
﻿汴,1,
﻿酢,1,
﻿灌,1,
﻿虢,1,
﻿厅,1,
﻿懑,1,
﻿祯,1,
﻿夯,1,
﻿咭,1,
﻿遻,1,
﻿趷,1,
﻿𨃚,1,
﻿踌,1,
﻿鬣,1,
﻿枳,1,
﻿勲,1,
﻿札,1,
﻿𩰚,1,
﻿匀,1,
﻿𠁭,1,
﻿翟,1,
﻿妩,1,
﻿仱,1,
﻿郤,1,
﻿闽,1,
﻿粤,1,
﻿饬,1,
﻿嗏,1,
﻿筲,1,
﻿岫,1,
﻿渗,1,
﻿诼,1,
﻿戾,1,
﻿斥,1,
﻿缴,1,
﻿觥,1,
﻿搀,1,
﻿粲,1,
﻿猝,1,
﻿黫,1,
﻿栈,1,
﻿幷,1,
﻿赍,1,
﻿玺,1,
﻿崎,1,
﻿嵋,1,
﻿铎,1,
﻿恸,1,
﻿蘯,1,
﻿旃,1,
﻿甫,1,
﻿爆,1,
﻿拶,1,
﻿镳,1,
﻿殁,1,
﻿瀽,1,
﻿殇,1,
﻿捶,1,
﻿颐,1,
﻿眶,1,
﻿蔓,1,
﻿丐,1,
﻿霁,1,
﻿佚,1,
﻿㫁,1,
﻿3,1,
﻿谟,1,
﻿碣,1,
﻿蟏,1,
﻿蛸,1,
﻿狸,1,
﻿瑁,1,
﻿䜩,1,
﻿蹇,1,
﻿谴,1,
﻿氅,1,
﻿姝,1,
﻿䑓,1,
﻿𠅙,1,
﻿倥,1,
﻿偬,1,
﻿鞚,1,
﻿董,1,
﻿䝛,1,
﻿貅,1,
﻿汛,1,
﻿捡,1,
﻿咄,1,
﻿砒,1,
﻿猱,1,
﻿舠,1,
﻿杪,1,
﻿斛,1,
﻿掳,1,
﻿奥,1,
﻿奕,1,
﻿𤦺,1,
﻿踘,1,
﻿饲,1,
﻿鹇,1,
﻿缗,1,
﻿黒,1,
﻿研,1,
﻿诘,1,
﻿琪,1,
﻿窬,1,
﻿曦,1,
﻿魑,1,
﻿蛏,1,
﻿螬,1,
﻿絜,1,
﻿鷃,1,
﻿娼,1,
﻿凸,1,
﻿窍,1,
﻿辩,1,
﻿驳,1,
﻿筌,1,
﻿恓,1,
﻿𡨘,1,
﻿𨐲,1,
﻿罡,1,
﻿翎,1,
﻿褡,1,
﻿袱,1,
﻿瞪,1,
﻿找,1,
﻿缏,1,
﻿柜,1,
﻿碟,1,
﻿棉,1,
﻿麸,1,
﻿莳,1,
﻿汆,1,
﻿酱,1,
﻿炸,1,
﻿舵,1,
﻿桞,1,
﻿茉,1,
﻿莉,1,
﻿唼,1,
﻿藻,1,
﻿饵,1,
﻿俎,1,
﻿𫚥,1,
﻿毋,1,
﻿髯,1,
﻿憾,1,
﻿惦,1,
﻿搓,1,
﻿揉,1,
﻿圃,1,
﻿鉏,1,
﻿缤,1,
﻿荃,1,
﻿诌,1,
﻿愦,1,
﻿兀,1,
﻿躏,1,
﻿蹂,1,
﻿秽,1,
﻿唉,1,
﻿蔫,1,
﻿辀,1,
﻿莸,1,
﻿纬,1,
﻿蒸,1,
﻿飊,1,
﻿㲨,1,
﻿斾,1,
﻿邓,1,
﻿桨,1,
﻿滟,1,
﻿隳,1,
﻿贡,1,
﻿螟,1,
﻿蛉,1,
﻿辑,1,
﻿诲,1,
﻿傅,1,
﻿裩,1,
﻿淞,1,
﻿浙,1,
﻿邂,1,
﻿逅,1,
﻿錬,1,
﻿飡,1,
﻿挞,1,
﻿缟,1,
﻿哻,1,
﻿蛋,1,
﻿逹,1,
﻿峦,1,
﻿瘪,1,
﻿虬,1,
﻿罨,1,
﻿汁,1,
﻿ē,1,
﻿à,1,
﻿～,1,
﻿麵,1,
﻿锭,1,
﻿辖,1,
﻿捺,1,
﻿茄,1,
﻿闩,1,
﻿毘,1,
﻿伽,1,
﻿维,1,
﻿鹅,1,
﻿浼,1,
﻿𨶹,1,
﻿搠,1,
﻿猪,1,
﻿醴,1,
﻿𤑔,1,
﻿覚,1,
﻿绉,1,
﻿舱,1,
﻿澹,1,
﻿藤,1,
﻿艖,1,
﻿庠,1,
﻿稼,1,
﻿鹪,1,
﻿鹩,1,
﻿靓,1,
﻿䐇,1,
﻿烬,1,
﻿曷,1,
﻿玑,1,
﻿藜,1,
﻿嵇,1,
﻿徼,1,
﻿签,1,
﻿㦯,1,
﻿遅,1,
﻿鞫,1,
﻿宥,1,
﻿𦥷,1,
﻿苐,1,
﻿渎,1,
﻿槅,1,
﻿橱,1,
﻿狰,1,
﻿狞,1,
﻿烈,1,
﻿兖,1,
﻿彰,1,
﻿廪,1,
﻿厫,1,
﻿曜,1,
﻿𣄢,1,
﻿龌,1,
﻿龊,1,
﻿邋,1,
﻿遢,1,
﻿褴,1,
﻿褛,1,
﻿𪠳,1,
﻿嗻,1,
﻿蹶,1,
﻿䟹,1,
﻿辍,1,
﻿缷,1,
﻿趄,1,
﻿鳖,1,
﻿笤,1,
﻿琚,1,
﻿𩕮,1,
﻿煽,1,
﻿迍,1,
﻿邅,1,
﻿爨,1,
﻿骥,1,
﻿枥,1,
﻿霤,1,
﻿姤,1,
﻿挖,1,
﻿甥,1,
﻿憨,1,
﻿痨,1,
﻿讼,1,
﻿扛,1,
﻿泯,1,
﻿誊,1,
﻿棱,1,
﻿份,1,
﻿苫,1,
﻿购,1,
﻿嬉,1,
﻿酷,1,
﻿嗜,1,
﻿矢,1,
﻿抟,1,
﻿沌,1,
﻿惰,1,
﻿咎,1,
﻿舛,1,
﻿茜,1,
﻿䕷,1,
﻿衩,1,
﻿荚,1,
﻿掯,1,
﻿钏,1,
﻿荏,1,
﻿苒,1,
﻿擘,1,
﻿掠,1,
﻿渲,1,
﻿挈,1,
﻿邈,1,
﻿飖,1,
﻿嘌,1,
﻿炙,1,
﻿楞,1,
﻿育,1,
﻿玆,1,
﻿诊,1,
﻿禳,1,
﻿租,1,
﻿钮,1,
﻿逦,1,
﻿擦,1,
﻿垛,1,
﻿窠,1,
﻿嵯,1,
﻿㫋,1,
﻿飬,1,
﻿𡽪,1,
﻿帙,1,
﻿圗,1,
﻿渇,1,
﻿玫,1,
﻿瑰,1,
﻿龛,1,
﻿䖍,1,
﻿瘆,1,
﻿㡠,1,
﻿讛,1,
﻿𠲮,1,
﻿迥,1,
﻿糁,1,
﻿咲,1,
﻿鹜,1,
﻿罅,1,
﻿傒,1,
﻿𩮎,1,
﻿諠,1,
﻿骞,1,
﻿曺,1,
﻿簧,1,
﻿崕,1,
﻿𣵫,1,
﻿炧,1,
﻿阃,1,
﻿𫎬,1,
﻿醅,1,
﻿耆,1,
﻿蟒,1,
﻿崆,1,
﻿峒,1,
﻿汹,1,
﻿赃,1,
﻿殉,1,
﻿𤤮,1,
﻿熨,1,
﻿钜,1,
﻿窑,1,
﻿缧,1,
﻿绁,1,
﻿跖,1,
﻿爕,1,
﻿毅,1,
﻿盻,1,
﻿厓,1,
﻿侪,1,
﻿溟,1,
﻿蹿,1,
﻿垠,1,
﻿糢,1,
﻿阊,1,
﻿阖,1,
﻿傀,1,
﻿儡,1,
﻿析,1,
﻿篾,1,
﻿𥬠,1,
﻿盂,1,
﻿蹲,1,
﻿䟶,1,
﻿醍,1,
﻿醐,1,
﻿怖,1,
﻿愍,1,
﻿诃,1,
﻿璎,1,
﻿珞,1,
﻿嗑,1,
﻿䕃,1,
﻿燃,1,
﻿培,1,
﻿植,1,
﻿裏,1,
﻿䇲,1,
﻿塔,1,
﻿𧃲,1,
﻿甡,1,
﻿弈,1,
﻿黏,1,
﻿尿,1,
﻿讃,1,
﻿棠,1,
﻿𫐐,1,
﻿𫐄,1,
﻿涤,1,
﻿伉,1,
﻿俪,1,
﻿漓,1,
﻿蜗,1,
﻿𨶒,1,
﻿碓,1,
﻿舂,1,
﻿锅,1,
﻿煠,1,
﻿嘛,1,
﻿眬,1,
﻿袋,1,
﻿裰,1,
﻿钹,1,
﻿凊,1,
﻿阉,1,
﻿晞,1,
﻿璇,1,
﻿骠,1,
﻿𫖇,1,
﻿简,1,
﻿獬,1,
﻿豸,1,
﻿𠦑,1,
﻿钥,1,
﻿珂,1,
﻿凟,1,
﻿癯,1,
﻿旱,1,
﻿纡,1,
﻿耑,1,
﻿遑,1,
﻿缵,1,
﻿爰,1,
﻿恪,1,
﻿览,1,
﻿赈,1,
﻿裕,1,
﻿迺,1,
﻿殍,1,
﻿譬,1,
﻿戍,1,
﻿鼍,1,
﻿坦,1,
﻿牍,1,
﻿睦,1,
﻿篁,1,
﻿漱,1,
﻿簟,1,
﻿漪,1,
﻿泻,1,
﻿迅,1,
﻿惆,1,
﻿序,1,
﻿悒,1,
﻿斚,1,
﻿酩,1,
﻿酊,1,
﻿辘,1,
﻿轳,1,
﻿坵,1,
﻿垢,1,
﻿喈,1,
﻿朔,1,
﻿靴,1,
﻿呑,1,
﻿噤,1,
﻿鸶,1,
﻿绀,1,
﻿彬,1,
﻿厥,1,
﻿募,1,
﻿嬴,1,
﻿裸,1,
﻿谠,1,
﻿睢,1,
﻿捕,1,
﻿噍,1,
﻿亩,1,
﻿赉,1,
﻿辗,1,
﻿剿,1,
﻿逋,1,
﻿岐,1,
﻿锡,1,
﻿颔,1,
﻿锟,1,
﻿铻,1,
﻿艮,1,
﻿兑,1,
﻿濳,1,
﻿蝗,1,
﻿彪,1,
﻿刈,1,
﻿芟,1,
﻿彭,1,
﻿獭,1,
﻿鄂,1,
﻿扼,1,
﻿閰,1,
﻿欶,1,
﻿彷,1,
﻿瑚,1,
﻿廨,1,
﻿渥,1,
﻿𫛳,1,
﻿𪾦,1,
﻿楔,1,
﻿聆,1,
﻿蠹,1,
﻿葆,1,
﻿抃,1,
﻿鲸,1,
﻿幡,1,
﻿黼,1,
﻿鹓,1,
﻿薪,1,
﻿瑾,1,
﻿尹,1,
﻿舜,1,
﻿蜃,1,
﻿蕃,1,
﻿笨,1,
﻿婕,1,
﻿妤,1,
﻿髡,1,
﻿译,1,
﻿鹌,1,
﻿鹑,1,
﻿笋,1,
﻿哂,1,
﻿烝,1,
﻿醇,1,
﻿祛,1,
﻿寮,1,
﻿姨,1,
﻿液,1,
﻿饧,1,
﻿烫,1,
﻿癖,1,
﻿虱,1,
﻿袴,1,
﻿乒,1,
﻿乓,1,
﻿粳,1,
﻿幔,1,
﻿扁,1,
﻿巳,1,
﻿楦,1,
﻿惘,1,
﻿沤,1,
﻿虐,1,
﻿瞳,1,
﻿梓,1,
﻿税,1,
﻿炽,1,
﻿谄,1,
﻿倡,1,
﻿殆,1,
﻿攸,1,
﻿扄,1,
﻿颡,1,
﻿蔽,1,
﻿踉,1,
﻿憩,1,
﻿寍,1,
﻿帑,1,
﻿厦,1,
﻿努,1,
﻿鸩,1,
﻿旰,1,
﻿悼,1,
﻿濠,1,
﻿秩,1,
﻿骧,1,
﻿𦡀,1,
﻿杼,1,
﻿兕,1,
﻿秉,1,
﻿裔,1,
﻿匿,1,
﻿髫,1,
﻿謟,1,
﻿誉,1,
﻿拓,1,
﻿唎,1,
﻿扪,1,
﻿𤠯,1,
﻿珥,1,
﻿拴,1,
﻿戌,1,
﻿抡,1,
﻿吻,1,
﻿愤,1,
﻿戎,1,
﻿毳,1,
﻿霾,1,
﻿企,1,
﻿擐,1,
﻿𧶽,1,
﻿骀,1,
﻿砺,1,
﻿尶,1,
﻿椠,1,
﻿鄙,1,
﻿𠯈,1,
﻿䦨,1,
﻿龜,1,
﻿壳,1,
﻿惋,1,
﻿缄,1,
﻿胛,1,
﻿甩,1,
﻿渣,1,
﻿逊,1,
﻿囤,1,
﻿龈,1,
﻿呻,1,
﻿潺,1,
﻿湲,1,
﻿觐,1,
﻿翳,1,
﻿箓,1,
﻿鲢,1,
﻿𤎉,1,
﻿逾,1,
﻿裾,1,
﻿笞,1,
﻿帮,1,
﻿炊,1,
﻿鸥,1,
﻿奘,1,
﻿眩,1,
﻿踅,1,
﻿澈,1,
﻿濵,1,
﻿巅,1,
﻿撼,1,
﻿叅,1,
﻿铸,1,
﻿懦,1,
﻿侥,1,
﻿侮,1,
﻿圑,1,
﻿娜,1,
﻿攅,1,
﻿揠,1,
﻿钐,1,
﻿𧅱,1,
﻿衅,1,
﻿岗,1,
﻿疯,1,
﻿竃,1,
﻿糕,1,
﻿濮,1,
﻿筠,1,
﻿膑,1,
﻿偌,1,
﻿拄,1,
﻿惩,1,
﻿艾,1,
﻿邬,1,
﻿椁,1,
﻿䳌,1,
﻿蒜,1,
﻿懿,1,
﻿渤,1,
﻿瓒,1,
﻿涕,1,
﻿轲,1,
﻿贠,1,
﻿𠡠,1,
﻿芬,1,
﻿械,1,
﻿茂,1,
﻿欸,1,
﻿雊,1,
﻿诮,1,
﻿菊,1,
﻿㶉,1,
﻿鷘,1,
﻿襦,1,
﻿噫,1,
﻿嘻,1,
﻿篙,1,
﻿揽,1,
﻿拌,1,
﻿璞,1,
﻿鹏,1,
﻿铭,1,
﻿枫,1,
﻿憎,1,
﻿港,1,
﻿䓤,1,
﻿眺,1,
﻿囫,1,
﻿囵,1,
﻿粬,1,
﻿绞,1,
﻿跹,1,
﻿馋,1,
﻿淘,1,
﻿箧,1,
﻿鴂,1,
﻿馐,1,
﻿燡,1,
﻿协,1,
﻿斝,1,
﻿蘖,1,
﻿赎,1,
﻿孑,1,
﻿浃,1,
﻿䙝,1,
﻿玦,1,
﻿辙,1,
﻿述,1,
﻿币,1,
﻿狭,1,
﻿戯,1,
﻿俾,1,
﻿檠,1,
﻿薨,1,
﻿俟,1,
﻿躧,1,
﻿怂,1,
﻿恿,1,
﻿痩,1,
﻿驷,1,
﻿俜,1,
﻿搦,1,
﻿孕,1,
﻿翕,1,
﻿矜,1,
﻿揺,1,
﻿洵,1,
﻿繋,1,
﻿筐,1,
﻿暄,1,
﻿蝉,1,
﻿麾,1,
﻿骝,1,
﻿朿,1,
﻿踟,1,
﻿舸,1,
﻿迫,1,
