兵,11987
﻿扎,536
﻿祁,103
﻿山,10135
﻿地,5879
﻿要,22179
﻿擒,1476
﻿司,1628
﻿马,14770
﻿懿,312
﻿手,4749
﻿捧,298
﻿理,4069
﻿图,1052
﻿报,5812
﻿与,15406
﻿丞,2928
﻿相,11865
﻿知,12181
﻿来,57956
﻿此,22696
﻿已,5809
﻿是,60888
﻿门,9819
﻿上,23043
﻿哪,14041
﻿位,7512
﻿在,28040
﻿什,9664
﻿么,20944
﻿人,49978
﻿烦,1137
﻿劳,2450
﻿通,2417
﻿禀,2250
﻿献,1389
﻿求,2777
﻿见,18884
﻿候,4078
﻿着,7350
﻿启,3466
﻿传,3186
﻿进,8909
﻿参,3279
﻿罢,5914
﻿了,55335
﻿谢,5092
﻿你,64610
﻿奉,4263
﻿何,22381
﻿所,3330
﻿差,2755
﻿王,18555
﻿将,29193
﻿军,12942
﻿物,942
﻿展,640
﻿开,6111
﻿转,2595
﻿快,6528
﻿去,29852
﻿到,17340
﻿列,1441
﻿柳,858
﻿城,5238
﻿调,1191
﻿赵,3216
﻿老,22144
﻿回,13816
﻿营,4105
﻿遵,2140
﻿命,13775
﻿嗳,969
﻿好,23670
﻿一,48042
﻿个,16995
﻿胆,2497
﻿大,32899
﻿的,37326
﻿谡,56
﻿呀,18736
﻿临,1563
﻿行,7641
﻿之,21194
﻿时,6951
﻿怎,11117
﻿样,5373
﻿吩,1256
﻿咐,1417
﻿叫,10770
﻿靠,383
﻿近,726
﻿水,3343
﻿安,5586
﻿寨,1145
﻿不,79968
﻿听,10895
﻿我,80225
﻿言,10263
﻿偏,709
﻿顶,476
﻿只,10741
﻿恐,1990
﻿街,925
﻿亭,738
﻿难,8156
﻿保,5453
﻿失,1886
﻿守,3080
﻿再,6154
﻿探,2238
﻿得,24624
﻿令,6595
﻿如,14136
﻿果,1654
﻿然,6345
﻿把,12209
﻿虽,1879
﻿乃,5989
﻿诸,1853
﻿葛,850
﻿亮,1045
﻿罪,3858
﻿也,18781
﻿带,6515
﻿复,945
﻿夺,1256
﻿西,3964
﻿哎,9314
﻿想,9314
﻿先,8303
﻿帝,1496
﻿白,4116
﻿托,611
﻿孤,5576
﻿道,13534
﻿过,8793
﻿其,1961
﻿实,2530
﻿终,1127
﻿无,14134
﻿用,5569
﻿悔,607
﻿错,1910
﻿晚,1698
﻿矣,783
﻿离,2041
﻿还,11178
﻿有,46526
﻿四,5084
﻿十,5933
﻿余,917
﻿里,12093
﻿他,27885
﻿哽,253
﻿神,3193
﻿今,14529
﻿日,14513
﻿可,14780
﻿服,1228
﻿敬,1245
﻿且,6268
﻿住,5174
﻿说,15423
﻿这,29055
﻿俱,1696
﻿被,3861
﻿遣,530
﻿外,5057
﻿束,124
﻿就,17427
﻿们,13188
﻿唬,209
﻿心,15207
﻿惊,1645
﻿肉,841
﻿跳,336
﻿唤,2137
﻿小,16721
﻿帐,2971
﻿正,5854
﻿等,7956
﻿打,11635
﻿扫,1139
﻿害,3541
﻿怕,3655
﻿违,518
﻿者,3408
﻿斩,3488
﻿准,1701
﻿死,8447
﻿能,7858
﻿活,1436
﻿琴,317
﻿童,1418
﻿定,7191
﻿瑶,215
﻿美,1867
﻿酒,5945
﻿随,3064
﻿敌,1520
﻿楼,1695
﻿天,14817
﻿汉,3855
﻿室,1109
﻿兴,1890
﻿败,1709
﻿空,1467
﻿计,4526
﻿数,1344
﻿年,6342
﻿从,3860
﻿谨,358
﻿慎,168
﻿该,2442
﻿设,829
﻿下,22145
﻿中,12145
﻿望,3570
﻿显,675
﻿灵,1495
﻿请,17983
﻿那,16063
﻿恨,3345
﻿倒,4743
﻿以,5585
﻿停,557
﻿伙,646
﻿对,3916
﻿反,2535
﻿原,3529
﻿故,2649
﻿呢,2949
﻿明,8764
﻿点,2937
﻿糊,511
﻿涂,546
﻿因,4360
﻿纷,580
﻿议,1377
﻿论,1511
﻿非,4036
﻿国,10234
﻿家,21607
﻿事,15201
﻿尔,1558
﻿当,8471
﻿话,5700
﻿咽,173
﻿喉,153
﻿路,4877
﻿径,194
﻿拥,168
﻿而,4381
﻿看,15255
﻿内,4273
﻿早,3762
﻿埋,1027
﻿伏,897
﻿万,8995
﻿哦,3717
﻿怪,1397
﻿急,2379
﻿头,8927
﻿信,4889
﻿没,4014
﻿认,1589
﻿眼,2612
﻿凡,455
﻿胎,130
﻿让,1302
﻿哈,9500
﻿连,2305
﻿鬼,1249
﻿影,454
﻿子,23438
﻿都,5457
﻿劝,1303
﻿放,4321
﻿净,494
﻿退,2050
﻿全,3469
﻿仗,1110
﻿为,20504
﻿适,1122
﻿才,7734
﻿夫,12772
﻿咦,227
﻿又,7329
﻿弄,503
﻿待,7965
﻿众,6324
﻿官,9449
﻿坐,6299
﻿分,4733
﻿若,7389
﻿首,2306
﻿级,411
﻿容,2168
﻿情,5985
﻿本,6343
﻿卧,562
﻿龙,5728
﻿岗,581
﻿散,1091
﻿淡,169
﻿阴,1327
﻿阳,3311
﻿掌,1595
﻿乾,478
﻿坤,360
﻿爷,13564
﻿南,2674
﻿御,1738
﻿驾,4440
﻿三,12323
﻿算,1955
﻿业,1001
﻿鼎,282
﻿足,1360
﻿封,2752
﻿武,4224
﻿乡,1439
﻿侯,3267
﻿执,946
﻿帅,5222
﻿印,1071
﻿东,4140
﻿征,1308
﻿北,1536
﻿剿,350
﻿博,135
﻿古,1693
﻿周,3126
﻿文,5021
﻿访,960
﻿姜,666
﻿尚,1657
﻿振,242
﻿比,2300
﻿前,17575
﻿辈,718
﻿生,13229
﻿闲,1055
﻿音,836
﻿面,6902
﻿缺,330
﻿少,4708
﻿观,2173
﻿孔,959
﻿左,1126
﻿右,824
﻿弱,294
﻿残,649
﻿杀,6658
﻿喝,1181
﻿慢,2990
﻿巧,997
﻿策,761
﻿休,3098
﻿瞒,483
﻿棋,167
﻿逢,843
﻿景,846
﻿耳,1368
﻿乱,1928
﻿旌,409
﻿旗,1291
﻿招,2115
﻿翻,317
﻿却,1978
﻿发,3494
﻿曾,4193
﻿领,4859
﻿往,5431
﻿谋,1637
﻿学,1841
﻿问,7023
﻿二,13960
﻿和,2957
﻿多,8178
﻿侥,111
﻿幸,1657
﻿贪,671
﻿厌,131
﻿咱,3099
﻿谈,615
﻿别,3741
﻿羊,601
﻿羔,40
﻿犒,75
﻿赏,1368
﻿两,6535
﻿胡,1676
﻿思,2205
﻿扶,1215
﻿必,6186
﻿慌,851
﻿迫,124
﻿乘,480
﻿机,1538
﻿会,4256
﻿平,4973
﻿险,769
﻿队,429
﻿改,1343
﻿后,9218
﻿破,1947
﻿于,3185
﻿敢,6355
﻿起,7846
﻿主,9831
﻿取,3036
﻿略,657
﻿施,1252
﻿抵,474
﻿挡,754
﻿阵,2949
﻿虎,3786
﻿豹,678
﻿归,2856
﻿禽,118
﻿兽,247
﻿远,2201
﻿蛟,281
﻿沧,80
﻿师,5339
﻿名,7358
﻿常,2250
﻿云,3097
﻿收,2310
﻿呸,586
﻿掉,371
﻿成,6281
﻿太,10013
﻿悄,275
﻿作,3947
﻿忠,3822
﻿魂,943
﻿吾,3782
﻿杨,3633
﻿继,490
﻿六,1402
﻿郎,3272
﻿番,2770
﻿盗,1071
﻿尸,762
﻿骸,60
﻿假,1542
﻿真,5504
﻿骨,754
﻿现,1995
﻿洪,1194
﻿洞,798
﻿第,859
﻿层,242
﻿石,1197
﻿匣,64
﻿免,3738
﻿宋,1990
﻿兆,213
﻿便,5288
﻿秉,350
﻿程,1885
﻿儿,24617
﻿搬,735
﻿郡,937
﻿萧,850
﻿佐,320
﻿卒,378
﻿—,4339
﻿风,4054
﻿细,1884
﻿半,1542
﻿塞,128
﻿节,1221
﻿度,668
﻿使,2483
﻿皇,4411
﻿恩,4452
﻿重,3124
﻿霎,443
﻿间,2234
﻿身,8885
﻿爽,289
﻿瞌,27
﻿睡,1119
﻿朦,80
﻿胧,71
﻿谯,161
﻿更,1689
﻿忙,2350
﻿沉,794
﻿推,1098
﻿醒,1132
﻿猛,822
﻿抬,842
﻿世,3144
﻿爹,5701
﻿尊,1591
﻿记,1131
﻿狼,1048
﻿光,2062
﻿父,8660
﻿犹,469
﻿镜,308
﻿台,2024
﻿元,5072
﻿遇,1667
﻿由,1787
﻿遍,406
﻿体,1017
﻿汗,334
﻿淋,350
﻿宣,1619
﻿孟,991
﻿诏,588
﻿单,1177
﻿贤,5138
﻿弟,9134
﻿礼,3886
﻿末,653
﻿昨,1016
﻿偶,308
﻿梦,1083
﻿意,6083
﻿跨,364
﻿骑,680
﻿扬,994
﻿鞭,825
﻿走,8931
﻿即,1391
﻿止,223
﻿途,766
﻿但,3072
﻿愿,3766
﻿凌,356
﻿烟,1048
﻿阁,646
﻿关,5484
﻿则,772
﻿密,510
﻿兄,8314
﻿焦,622
﻿自,8575
﻿院,2236
﻿倘,1564
﻿染,497
﻿病,2221
﻿床,522
﻿做,4713
﻿良,3054
﻿场,2317
﻿功,3892
﻿岂,4182
﻿戎,283
﻿催,957
﻿动,2856
﻿立,2101
﻿江,4459
﻿雨,824
﻿顺,1643
﻿凭,1171
﻿仁,2018
﻿板,412
﻿斧,246
﻿尽,2821
﻿俺,5848
﻿赞,355
﻿钢,378
﻿加,1217
﻿誓,582
﻿朝,7767
﻿长,5279
﻿土,951
﻿母,7900
﻿跟,1788
﻿战,4799
﻿唐,1234
﻿蒙,1445
﻿忍,1020
﻿吓,7407
﻿呔,1327
﻿奸,2541
﻿饶,909
﻿讲,4469
﻿像,775
﻿氏,2252
﻿流,1415
﻿落,2669
﻿处,3477
﻿盘,690
﻿费,984
﻿红,2151
﻿脸,962
﻿方,4494
﻿闪,448
﻿黑,1067
﻿刺,924
﻿送,3477
﻿千,6291
﻿迢,133
﻿它,699
﻿锁,600
﻿劈,231
﻿克,260
﻿哥,5407
﻿拿,4330
﻿喊,534
﻿拖,78
﻿出,12347
﻿丧,1913
﻿痛,1169
﻿哭,1657
﻿声,4361
﻿佩,228
﻿仓,307
﻿绝,706
﻿咳,1552
﻿煤,55
﻿炭,154
﻿店,1315
﻿碎,428
﻿银,3133
﻿跪,1574
﻿另,445
﻿公,13339
﻿干,2818
﻿证,401
﻿拾,542
﻿旅,115
﻿拜,3874
﻿圣,3299
﻿寻,1503
﻿君,6535
﻿叹,1058
﻿误,1419
﻿同,6148
﻿呵,1575
﻿刎,228
﻿掩,460
﻿匹,577
﻿拉,713
﻿富,958
﻿贵,1914
﻿挂,1857
﻿站,1340
﻿盒,93
﻿啊,14878
﻿泪,1850
﻿双,2186
﻿咬,513
﻿指,1137
﻿鲜,281
﻿血,1078
﻿透,232
﻿字,2486
﻿呈,586
﻿暗,1704
﻿旦,523
﻿倾,318
﻿洲,64
﻿似,2486
﻿刀,3236
﻿般,1235
﻿及,587
﻿腹,709
﻿呕,151
﻿浑,289
﻿冷,708
﻿溲,5
﻿搀,373
﻿房,2711
﻿清,1887
﻿宫,4623
﻿笙,62
﻿歌,574
﻿派,689
﻿嘹,15
﻿紫,463
﻿金,6731
﻿冠,536
﻿凤,1419
﻿翅,260
﻿飘,460
﻿滚,709
﻿袍,869
﻿玉,2714
﻿围,803
﻿腰,403
﻿凹,20
﻿锏,211
﻿皆,926
﻿殿,3984
﻿尘,883
﻿舞,332
﻿蹈,63
﻿德,2311
﻿芳,616
﻿侍,1623
﻿妹,3101
﻿亲,7454
﻿林,1963
﻿摆,1788
﻿伺,1699
﻿枝,468
﻿根,1296
﻿叔,2025
﻿锦,871
﻿绣,700
﻿庭,651
﻿边,2362
﻿厢,1083
﻿盈,201
﻿弓,585
﻿搭,1007
﻿箭,1717
﻿射,712
﻿最,501
﻿宗,1222
﻿迈,699
﻿至,2820
﻿府,4404
﻿镫,161
﻿迎,1962
﻿接,2354
﻿岁,7631
﻿养,1371
﻿静,664
﻿荒,610
﻿郊,343
﻿游,957
﻿闷,864
﻿雕,423
﻿翎,156
﻿些,2883
﻿睁,373
﻿昏,1096
﻿花,5583
﻿冤,1979
﻿怨,788
﻿星,1264
﻿眷,331
﻿伤,2305
﻿损,260
﻿八,3022
﻿恕,945
﻿臣,9282
﻿替,1212
﻿赐,1479
﻿洋,351
﻿次,1133
﻿私,985
﻿膀,169
﻿飞,2190
﻿忧,758
﻿珠,1170
﻿堂,4532
﻿祖,1206
﻿娘,9968
﻿七,1777
﻿柴,522
﻿须,2609
﻿教,2588
﻿训,410
﻿延,1389
﻿昭,818
﻿叩,1286
﻿抽,130
﻿稳,409
﻿许,2476
﻿旁,1832
﻿怀,2167
﻿愤,165
﻿笑,1996
﻿嘻,73
﻿拱,80
﻿岳,1391
﻿胜,2284
﻿威,1912
﻿凛,298
﻿曹,4255
﻿奔,1228
﻿付,556
﻿斤,216
﻿担,668
﻿承,1110
﻿冰,194
﻿霜,352
﻿贞,458
﻿效,541
﻿寡,1020
﻿居,1270
﻿镇,1486
﻿每,1007
﻿织,157
﻿榜,420
﻿留,2236
﻿奴,3328
﻿春,2460
﻿娥,412
﻿配,1333
﻿薛,1390
﻿广,1116
﻿贸,55
﻿易,542
﻿亏,678
﻿张,6665
﻿刘,4252
﻿嫁,614
﻿永,676
﻿抚,298
﻿倚,207
﻿攻,1226
﻿书,5324
﻿绢,47
﻿雾,218
﻿雪,790
﻿深,1205
﻿高,4869
﻿低,491
﻿草,1650
﻿惨,495
﻿遭,1304
﻿雁,483
﻿群,671
﻿伴,546
﻿梨,155
﻿团,486
﻿圆,415
﻿浪,450
﻿舟,466
﻿船,1186
﻿园,1523
﻿念,1808
﻿抱,623
﻿友,1028
﻿短,417
﻿争,948
﻿辩,387
﻿妈,2724
﻿饭,1468
﻿吃,3527
﻿甚,2685
﻿背,824
﻿完,899
﻿忘,1164
﻿尾,239
﻿提,2040
﻿句,1228
﻿曰,233
﻿‘,21
﻿省,234
﻿’,21
﻿乎,334
﻿香,2535
﻿炉,123
﻿瓦,400
﻿灯,1209
﻿咀,11
﻿读,838
﻿谁,4211
﻿顽,164
﻿紧,2039
﻿青,2049
﻿畜,231
﻿气,4446
﻿坏,943
﻿几,2990
﻿幼,1221
﻿秦,2869
﻿甘,835
﻿罗,1801
﻿宰,369
﻿塘,237
﻿登,1462
﻿瑾,240
﻿海,2305
﻿法,3404
﻿称,1215
﻿吴,2119
﻿烧,914
﻿葬,383
﻿降,2660
﻿投,1810
﻿孩,2529
﻿羞,663
﻿臊,87
﻿惜,670
﻿迟,1188
﻿哉,848
﻿闭,398
﻿口,3587
﻿妻,3339
﻿阎,344
﻿闯,810
﻿祸,1269
﻿火,2085
﻿油,388
﻿泼,111
﻿啼,505
﻿恶,998
﻿管,2630
﻿严,1185
﻿惰,17
﻿膝,434
﻿雷,714
﻿霆,73
﻿苦,2680
﻿哀,682
﻿告,3545
﻿苗,553
﻿娇,478
﻿跌,145
﻿跤,33
﻿纪,719
﻿轻,981
﻿责,451
﻿雅,209
﻿赛,332
﻿铜,375
﻿百,3595
﻿姣,530
﻿耐,298
﻿吧,5143
﻿割,387
﻿断,1534
﻿交,2965
﻿怒,1632
﻿冲,1096
﻿寒,1379
﻿源,316
﻿肠,927
﻿变,1087
﻿穿,1305
﻿裙,225
﻿喜,3086
﻿莫,2564
﻿沿,128
﻿讨,1223
﻿代,1158
﻿晓,1668
﻿未,4489
﻿唱,612
﻿冒,529
﻿犯,2003
﻿挨,288
﻿疼,425
﻿焉,893
﻿测,254
﻿举,1098
﻿爱,1677
﻿她,6233
﻿己,1073
﻿骂,1708
﻿依,1429
﻿向,1549
﻿遮,246
﻿拦,439
﻿酸,220
﻿仆,262
﻿玩,813
﻿鳌,178
﻿占,568
﻿衰,188
﻿应,2706
﻿碌,95
﻿鞋,340
﻿曲,300
﻿树,491
﻿梢,228
﻿叶,287
﻿稀,155
﻿茄,18
﻿斗,1178
﻿倭,13
﻿瓜,149
﻿越,1127
﻿毛,727
﻿买,1264
﻿卖,1858
﻿钱,2774
﻿欠,251
﻿窝,189
﻿盖,743
﻿忽,845
﻿麻,359
﻿纵,866
﻿抢,894
﻿找,1187
﻿吹,384
﻿舌,328
﻿客,1711
﻿厅,266
﻿识,1082
﻿廊,169
﻿脚,437
﻿黄,3184
﻿鼠,126
﻿戏,643
﻿木,746
﻿屁,211
﻿股,191
﻿福,1455
﻿量,1421
﻿给,3246
﻿戴,776
﻿底,580
﻿蹬,74
﻿财,831
﻿写,1464
﻿诉,791
﻿铁,906
﻿丝,394
﻿串,117
﻿浇,89
﻿票,110
﻿赎,105
﻿盆,243
﻿库,117
﻿亦,532
﻿瞧,1744
﻿伯,2340
﻿商,1458
﻿堆,149
﻿挑,454
﻿捡,67
﻿窑,491
﻿乌,789
﻿楚,1323
﻿姑,2365
﻿厮,285
﻿奶,1096
﻿棺,192
﻿材,128
﻿丈,2145
﻿妖,847
﻿魔,352
﻿屈,538
﻿亡,1461
﻿墙,403
﻿摇,460
﻿撮,32
﻿灰,176
﻿砂,62
﻿素,647
﻿旧,603
﻿伸,254
﻿鼻,123
﻿嘴,387
﻿朵,147
﻿睛,132
﻿泥,194
﻿觉,855
﻿隍,101
﻿庙,1025
﻿恭,715
﻿债,96
﻿折,389
﻿猪,213
﻿牲,106
﻿豆,199
﻿腐,125
﻿菜,289
﻿齐,2926
﻿闹,895
﻿凶,767
﻿搁,83
﻿罐,20
﻿钥,24
﻿匙,40
﻿捅,7
﻿闩,17
﻿屋,273
﻿满,2308
﻿腮,70
﻿姓,3138
﻿昌,751
﻿务,408
﻿农,162
﻿颇,470
﻿京,2371
﻿贩,156
﻿绸,87
﻿缎,148
﻿载,1028
﻿账,246
﻿目,1335
﻿县,1537
﻿洒,359
﻿借,1408
﻿宿,478
﻿惹,405
﻿灾,393
﻿款,223
﻿顷,159
﻿刻,1037
﻿备,3414
﻿毒,491
﻿解,1868
﻿怜,925
﻿含,467
﻿霉,33
﻿碰,306
﻿庄,1141
﻿脏,80
﻿屎,94
﻿臭,163
﻿奇,1194
﻿闻,2430
﻿盼,290
﻿够,712
﻿针,183
﻿除,1077
﻿包,1273
﻿仇,2277
﻿寿,1449
﻿康,460
﻿宁,925
﻿答,908
﻿唉,1443
﻿赴,857
﻿莲,829
﻿枉,1066
﻿阿,558
﻿黎,307
﻿民,2603
﻿判,184
﻿窗,281
﻿砚,104
﻿磨,339
﻿受,3464
﻿廷,889
﻿拯,307
﻿九,1714
﻿期,902
﻿牌,834
﻿状,1324
﻿护,809
﻿章,1046
﻿骡,57
﻿撒,287
﻿料,1111
﻿特,1171
﻿辞,2004
﻿鼓,1312
﻿赶,1941
﻿纸,327
﻿化,971
﻿份,382
﻿五,3306
﻿捱,26
﻿肯,1348
﻿剥,156
﻿赤,446
﻿露,475
﻿撞,339
﻿衣,1841
﻿件,1465
﻿搅,203
﻿条,1223
﻿精,835
﻿尤,306
﻿块,426
﻿凑,165
﻿藏,1099
﻿孙,3077
﻿钟,447
﻿馗,2
﻿入,2254
﻿签,76
﻿审,620
﻿拴,55
﻿宽,679
﻿阔,77
﻿眠,252
﻿悬,495
﻿河,2002
﻿语,1387
﻿男,1263
﻿擎,111
﻿觅,113
﻿卑,479
﻿祢,107
﻿衡,139
﻿义,3134
﻿村,616
﻿勤,411
﻿习,606
﻿经,1191
﻿史,648
﻿幕,60
﻿荐,343
﻿操,1526
﻿贼,5336
﻿士,2861
﻿需,100
﻿辜,196
﻿负,1001
﻿栋,158
﻿梁,1555
﻿志,1126
﻿运,630
﻿困,955
﻿浅,298
﻿际,128
﻿壮,784
﻿融,104
﻿膑,306
﻿扰,470
﻿升,1157
﻿乐,1543
﻿尧,148
﻿修,1279
﻿端,1333
﻿枪,1599
﻿画,1099
﻿绕,318
﻿模,498
﻿恼,1172
﻿昂,181
﻿貌,812
﻿狡,74
﻿欺,1151
﻿罔,24
﻿势,944
﻿力,1780
﻿压,639
﻿微,361
﻿穴,223
﻿笼,373
﻿牢,876
﻿邦,2056
﻿英,3479
﻿雄,3159
﻿豪,1001
﻿杰,694
﻿某,2441
﻿荀,154
﻿彧,18
﻿攸,75
﻿郭,686
﻿嘉,175
﻿昱,102
﻿智,561
﻿陈,1969
﻿辽,487
﻿褚,313
﻿李,4297
﻿典,392
﻿岑,260
﻿彭,362
﻿孝,1556
﻿夏,789
﻿惇,163
﻿逆,463
﻿吊,360
﻿奠,205
﻿墓,146
﻿坟,435
﻿牧,220
﻿唔,680
﻿击,388
﻿鸣,382
﻿呼,939
﻿架,210
﻿囊,334
﻿桶,85
﻿袋,174
﻿狂,801
﻿致,302
﻿舜,105
﻿颜,984
﻿党,602
﻿装,840
﻿痴,223
﻿鲍,152
﻿夜,2655
﻿秀,690
﻿表,1478
﻿犬,371
﻿共,1031
﻿槽,35
﻿唗,727
﻿尺,281
﻿锋,624
﻿鞘,71
﻿息,1477
﻿污,110
﻿秽,24
﻿宝,3250
﻿剑,1698
﻿宴,1515
﻿吏,306
﻿允,824
﻿按,617
﻿委,97
﻿沙,685
﻿滩,147
﻿壳,14
﻿纶,120
﻿霄,288
﻿排,994
﻿套,537
﻿虫,118
﻿宵,300
﻿暂,1179
﻿妙,1363
﻿性,1987
﻿傲,162
﻿项,467
﻿舆,33
﻿鸡,415
﻿牛,1143
﻿叙,532
﻿杯,1263
﻿辱,446
﻿佳,605
﻿标,358
﻿拼,268
﻿篇,105
﻿诗,706
﻿车,1154
﻿帖,247
﻿邀,229
﻿阙,127
﻿畅,313
﻿饮,1994
﻿叨,313
﻿盏,247
﻿新,1586
﻿擂,339
﻿既,2842
﻿瞻,137
﻿仰,364
﻿谗,276
﻿羽,800
﻿圈,131
﻿韩,1851
﻿稍,240
﻿咸,128
﻿统,1176
﻿消,1238
﻿僚,139
﻿席,570
﻿狗,843
﻿舍,1111
﻿详,838
﻿疯,292
﻿迷,498
﻿耍,445
﻿脱,872
﻿褴,35
﻿衫,188
﻿跑,627
﻿吵,276
﻿昔,605
﻿垂,292
﻿钓,253
﻿履,82
﻿换,969
﻿狸,46
﻿猫,112
﻿拔,416
﻿颠,325
﻿销,118
﻿庆,718
﻿贺,980
﻿响,828
﻿牙,649
﻿愧,514
﻿较,245
﻿洁,67
﻿混,421
﻿浊,36
﻿愚,846
﻿纳,487
﻿篡,227
﻿货,129
﻿仲,432
﻿尼,132
﻿臧,7
﻿毁,153
﻿吕,1356
﻿渭,79
﻿辔,36
﻿赫,120
﻿狮,117
﻿象,290
﻿凰,216
﻿纲,483
﻿泰,639
﻿宾,280
﻿佞,270
﻿珍,297
﻿徒,654
﻿苏,1095
﻿尖,198
﻿座,1162
﻿昆,171
﻿仑,80
﻿笔,499
﻿勾,373
﻿井,246
﻿蛙,25
﻿抓,280
﻿卿,2646
﻿廉,380
﻿职,1019
﻿考,459
﻿谅,529
﻿荆,1187
﻿州,2962
﻿柯,91
﻿摸,201
﻿胸,621
﻿膛,176
﻿揣,93
﻿摩,93
﻿奈,1359
﻿披,516
﻿月,2401
﻿妥,122
﻿纱,304
﻿欢,802
﻿汪,251
﻿科,311
﻿甲,1352
﻿授,272
﻿牟,27
﻿董,701
﻿钧,89
﻿旨,5219
﻿畏,93
﻿逃,2432
﻿各,1724
﻿形,395
﻿捉,571
﻿申,339
﻿巡,631
﻿查,786
﻿获,246
﻿禄,700
﻿押,862
﻿潭,182
﻿避,749
﻿网,447
﻿滴,115
﻿檐,60
﻿衙,1000
﻿坡,364
﻿确,61
﻿强,2255
﻿哄,311
﻿弃,672
﻿卓,261
﻿丁,952
﻿建,560
﻿塑,28
﻿布,808
﻿谤,70
﻿治,696
﻿韬,368
﻿灭,1500
﻿巾,285
﻿帷,52
﻿荡,551
﻿角,452
﻿户,557
﻿爵,512
﻿扑,192
﻿蛾,61
﻿食,706
﻿鱼,767
﻿眉,824
﻿皱,115
﻿波,570
﻿合,1168
﻿软,165
﻿约,645
﻿品,395
﻿涯,210
﻿整,814
﻿扭,164
﻿役,334
﻿挽,211
﻿乞,429
﻿释,153
﻿久,1463
﻿欲,1294
﻿颁,62
﻿累,529
﻿妨,789
﻿女,7551
﻿署,25
﻿碍,137
﻿宜,496
﻿茶,955
﻿案,841
﻿陪,794
﻿旱,172
﻿附,214
﻿防,782
﻿奢,117
﻿吉,892
﻿晨,179
﻿午,629
﻿膳,26
﻿并,1722
﻿验,225
﻿步,1355
﻿绵,157
﻿鸦,143
﻿鹊,118
﻿噪,59
﻿秋,1111
﻿桂,480
﻿蹄,152
﻿鞍,462
﻿侄,899
﻿色,1251
﻿造,1022
﻿涵,139
﻿狈,51
﻿专,467
﻿权,1053
﻿藐,191
﻿宏,199
﻿焚,470
﻿粉,369
﻿撩,152
﻿殃,223
﻿供,425
﻿悲,1160
﻿协,149
﻿蔬,6
﻿沽,84
﻿瓶,74
﻿酿,57
﻿仪,410
﻿尝,224
﻿结,1695
﻿叮,118
﻿片,704
﻿疑,592
﻿捆,257
﻿恍,69
﻿惚,58
﻿绑,989
﻿皂,92
﻿厚,559
﻿况,534
﻿诈,604
﻿魄,221
﻿厨,95
﻿裳,268
﻿追,1290
﻿持,292
﻿芽,158
﻿勒,266
﻿缰,142
﻿顾,877
﻿桩,492
﻿嘱,195
﻿哑,114
﻿患,437
﻿咒,81
﻿夹,172
﻿蠢,149
﻿腾,498
﻿歇,989
﻿任,1631
﻿暖,132
﻿壶,213
﻿烫,70
﻿顿,496
﻿吞,381
﻿扳,34
﻿狠,480
﻿渡,495
﻿轮,195
﻿照,1186
﻿猿,97
﻿监,942
﻿察,272
﻿抛,521
﻿丢,360
﻿莽,599
﻿潇,76
﻿桌,191
﻿墨,266
﻿题,326
﻿浓,64
﻿恋,212
﻿浮,214
﻿限,290
﻿邓,449
﻿俭,22
﻿撇,175
﻿祭,774
﻿坎,31
﻿疾,151
﻿价,263
﻿泉,591
﻿聋,58
﻿员,1991
﻿独,820
﻿妇,2042
﻿境,408
﻿潼,233
﻿贯,302
﻿扮,845
﻿衷,178
﻿饱,344
﻿窍,48
﻿辫,7
﻿巴,443
﻿鲁,825
﻿苔,23
﻿寸,363
﻿攀,185
﻿藤,53
﻿界,633
﻿腿,348
﻿茫,159
﻿切,577
﻿呆,204
﻿婶,136
﻿健,79
﻿孽,210
﻿躺,59
﻿聪,194
﻿喘,46
﻿吁,58
﻿擦,53
﻿桑,236
﻿救,3262
﻿肚,310
﻿饥,433
﻿饿,491
﻿采,331
﻿棘,37
﻿充,280
﻿扯,424
﻿衾,57
﻿辰,289
﻿猜,395
﻿迹,215
﻿舅,774
﻿达,733
﻿坳,2
﻿埃,242
﻿川,637
﻿松,817
﻿桃,1039
﻿愁,1214
﻿璋,95
﻿季,262
﻿聘,387
﻿超,446
﻿勇,1407
﻿葭,30
﻿萌,52
﻿哨,202
﻿奏,3235
﻿视,427
﻿忖,156
﻿踌,22
﻿躇,20
﻿荣,859
﻿肺,74
﻿池,538
﻿拆,280
﻿炮,316
﻿蜀,384
﻿疆,616
﻿漂,151
﻿懦,67
﻿柱,111
﻿仙,2223
﻿基,623
﻿凋,37
﻿零,184
﻿霸,1213
﻿晋,597
﻿鸿,183
﻿樊,549
﻿哙,84
﻿苍,861
﻿耿,191
﻿蝼,53
﻿蚁,67
﻿存,655
﻿拨,130
﻿伍,913
﻿魏,1640
﻿饯,228
﻿享,547
﻿贡,285
﻿格,453
﻿仍,141
﻿殷,352
﻿呜,126
﻿筵,346
﻿媒,412
﻿增,127
﻿轿,638
﻿丫,1047
﻿嫌,322
﻿鸾,334
﻿疴,4
﻿妄,311
﻿瞑,86
﻿伊,189
﻿鸳,184
﻿鸯,169
﻿婚,931
﻿积,149
﻿善,867
﻿彰,76
﻿奄,26
﻿巢,222
﻿俊,531
﻿俏,66
﻿恙,122
﻿伦,414
﻿资,97
﻿耀,284
﻿逍,218
﻿遥,429
﻿危,387
﻿惠,166
﻿贫,762
﻿姻,612
﻿娶,655
﻿产,277
﻿或,245
﻿怄,11
﻿总,1038
﻿济,399
﻿匪,75
﻿渐,96
﻿辨,132
﻿惟,277
﻿米,359
﻿凉,691
﻿初,923
﻿耕,132
﻿田,1250
﻿种,514
﻿卷,469
﻿娃,742
﻿器,232
﻿艺,900
﻿鹏,127
﻿助,930
﻿值,217
﻿偌,59
﻿皮,563
﻿踪,192
﻿鬓,133
﻿绿,492
﻿遂,238
﻿喂,728
﻿部,743
﻿朗,242
﻿慧,100
﻿敏,33
﻿宦,163
﻿毫,263
﻿评,60
﻿育,94
﻿菱,37
﻿硃,29
﻿痣,12
﻿昼,299
﻿柩,47
﻿华,1362
﻿樵,238
﻿兔,205
﻿邹,275
﻿妃,896
﻿社,428
﻿稷,402
﻿校,687
﻿尉,904
﻿搜,451
﻿乳,158
﻿导,114
﻿敝,69
﻿淫,171
﻿漏,371
﻿锭,157
﻿鸟,409
﻿皋,321
﻿扁,58
﻿暇,94
﻿峻,71
﻿岭,393
﻿哼,1010
﻿胥,315
﻿隐,703
﻿萍,72
﻿牵,282
﻿引,916
﻿湖,618
﻿朋,668
﻿妾,852
﻿谏,255
﻿感,687
﻿维,319
﻿煞,475
﻿惭,224
﻿樽,102
﻿甫,148
﻿讷,25
﻿谓,217
﻿偷,593
﻿煎,153
﻿躁,90
﻿阻,498
﻿舵,35
﻿钩,183
﻿线,224
﻿移,273
﻿栏,119
﻿杆,215
﻿熄,43
﻿覆,151
﻿涟,105
﻿虚,622
﻿袖,303
﻿弥,270
﻿陀,299
﻿吠,23
﻿馆,593
﻿斑,60
﻿幽,310
﻿辅,352
﻿穷,570
﻿誉,44
﻿趁,420
﻿喧,300
﻿哗,178
﻿决,506
﻿儒,102
﻿乔,334
﻿栗,6
﻿咛,79
﻿刑,860
﻿号,873
﻿叛,217
﻿庶,252
﻿绊,56
﻿茅,130
﻿庐,99
﻿虑,337
﻿忆,139
﻿坂,73
﻿垒,138
﻿概,289
﻿鹤,158
﻿激,199
﻿拳,374
﻿踢,134
﻿竹,266
﻿幡,41
﻿卦,225
﻿谎,157
﻿襄,450
﻿逼,501
﻿翼,319
﻿诓,292
﻿癫,82
﻿屡,354
﻿督,1418
﻿瑜,322
﻿齿,226
﻿壁,322
﻿鏖,64
﻿耗,75
﻿粮,1328
﻿屯,194
﻿屏,161
﻿插,317
﻿赔,345
﻿踏,351
﻿芥,23
﻿谣,73
﻿捽,7
﻿支,374
﻿晏,233
﻿禅,301
﻿筹,160
﻿幄,38
﻿陛,520
﻿览,89
﻿戈,456
﻿逞,537
﻿岱,233
﻿苞,50
﻿纛,32
﻿凯,151
﻿蒋,315
﻿琰,13
﻿炜,3
﻿颗,118
﻿玄,534
﻿诡,162
﻿髯,104
﻿桥,848
﻿惯,274
﻿班,1031
﻿剩,201
﻿砍,239
﻿貔,150
﻿貅,149
﻿环,627
﻿辇,121
﻿辕,375
﻿毋,35
﻿刁,165
﻿躲,460
﻿弩,47
﻿刚,1184
﻿猎,220
﻿冀,136
﻿萱,89
﻿脂,126
﻿耻,375
﻿钗,297
﻿减,58
﻿泄,226
﻿嗟,69
﻿魁,198
﻿餐,207
﻿柔,106
﻿蛮,285
﻿葫,123
﻿芦,246
﻿谷,299
﻿祝,305
﻿擅,285
﻿央,202
﻿戊,18
﻿棚,143
﻿乙,150
﻿旺,253
﻿丙,112
﻿亢,19
﻿壬,15
﻿癸,37
﻿庚,110
﻿仔,350
﻿挣,149
﻿隆,237
﻿虔,56
﻿诚,337
﻿鉴,116
﻿簿,90
﻿踹,80
﻿遗,222
﻿鞠,31
﻿躬,186
﻿瘁,21
﻿速,2091
﻿缓,169
﻿遁,97
﻿伐,479
﻿炎,173
﻿柬,115
﻿涌,141
﻿庞,774
﻿耽,147
﻿坠,224
﻿选,488
﻿郑,731
﻿戟,239
﻿摘,205
﻿啦,7758
﻿劫,561
﻿嫂,2331
﻿肝,322
﻿诘,14
﻿媳,968
﻿婆,2213
﻿炼,189
﻿吆,58
﻿弯,78
﻿旬,60
﻿碗,332
﻿汤,613
﻿规,228
﻿矩,139
﻿茔,62
﻿槐,136
﻿摔,112
﻿罚,206
﻿究,153
﻿毕,399
﻿剐,109
﻿巨,90
﻿滑,75
﻿朱,852
﻿辛,651
﻿缘,1100
﻿衔,94
﻿魍,14
﻿魉,14
﻿缠,147
﻿霞,404
﻿帔,33
﻿贱,655
﻿盟,436
﻿僧,457
﻿馋,26
﻿寇,1050
﻿榖,4
﻿啸,85
﻿沾,125
﻿鬟,595
﻿驿,382
﻿遛,9
﻿阶,243
﻿津,122
﻿潘,757
﻿迁,222
﻿丹,612
﻿森,160
﻿律,404
﻿闱,84
﻿扣,202
﻿嗒,27
﻿钦,457
﻿俯,34
﻿懒,169
﻿诬,129
﻿宠,378
﻿烈,477
﻿雀,176
﻿热,440
﻿卯,119
﻿潮,165
﻿灌,145
﻿醉,853
﻿芭,41
﻿蕉,43
﻿陵,683
﻿碑,122
﻿銮,230
﻿戚,277
﻿矮,83
﻿垫,60
﻿砖,48
﻿钻,74
﻿鹞,36
﻿麒,86
﻿麟,200
﻿筋,98
﻿棍,399
﻿糖,36
﻿链,52
﻿厥,70
﻿渺,173
﻿削,152
﻿哇,2692
﻿梭,45
﻿吐,226
﻿淘,32
﻿蹲,20
﻿噢,559
﻿极,635
﻿揖,177
﻿爪,81
﻿幅,78
﻿崩,72
﻿默,42
﻿诛,294
﻿戮,91
﻿契,89
﻿肩,113
﻿徐,1866
﻿囤,7
﻿肃,236
﻿益,214
﻿谊,57
﻿聊,126
﻿鄙,100
﻿寝,77
﻿夭,33
﻿兢,106
﻿禳,6
﻿酹,2
﻿觞,35
﻿蒸,17
﻿创,168
﻿宇,222
﻿轩,72
﻿抑,10
﻿抗,332
﻿瞬,28
﻿佑,423
﻿厦,28
﻿傍,53
﻿黍,6
﻿范,602
﻿腑,44
﻿禁,571
﻿骚,60
﻿试,614
﻿帆,53
﻿惆,37
﻿怅,45
﻿雏,67
﻿枯,88
﻿泛,31
﻿滔,154
﻿循,64
﻿肏,43
﻿苟,128
﻿姐,6347
﻿扇,270
﻿椅,85
﻿惧,442
﻿傅,767
﻿吗,2454
﻿郓,47
﻿邻,278
﻿坊,168
﻿歹,196
﻿怠,86
﻿凳,34
﻿搂,55
﻿趣,101
﻿帽,266
﻿抄,134
﻿洗,421
﻿鸭,46
﻿绫,108
﻿描,73
﻿厉,530
﻿梳,218
﻿裹,148
﻿蒜,20
﻿瓣,27
﻿炸,54
﻿戒,206
﻿龟,139
﻿巷,139
﻿握,98
﻿药,828
﻿腌,30
﻿臜,12
﻿昧,158
﻿飕,43
﻿耶,81
﻿盔,275
﻿濠,9
﻿篷,47
﻿弦,107
﻿绞,72
﻿棒,280
﻿岸,360
﻿檀,70
﻿溪,154
﻿猇,1
﻿陆,645
﻿逊,117
﻿枭,61
﻿姬,490
﻿皓,97
﻿钏,332
﻿辆,231
﻿彩,493
﻿凄,304
﻿乖,116
﻿伶,109
﻿俐,47
﻿嫩,28
﻿笋,10
﻿肌,26
﻿瘦,94
﻿球,188
﻿唯,172
﻿窄,42
﻿馐,25
﻿味,194
﻿绒,24
﻿渠,57
﻿鬃,54
﻿佛,900
﻿肮,21
﻿震,469
﻿铃,105
﻿荷,81
﻿闺,275
﻿翠,266
﻿黹,36
﻿符,299
﻿诰,53
﻿杏,130
﻿菩,154
﻿萨,140
﻿澜,26
﻿骗,270
﻿吟,163
﻿卢,266
﻿杞,17
﻿慈,355
﻿螟,44
﻿蛉,44
﻿胞,232
﻿嚎,77
﻿啕,44
﻿梅,603
﻿茂,278
﻿盛,500
﻿崇,235
﻿夷,214
﻿蝉,115
﻿蓬,149
﻿添,283
﻿很,493
﻿兼,136
﻿症,196
﻿绳,129
﻿索,249
﻿控,11
﻿甥,122
﻿撕,55
﻿揉,16
﻿订,97
﻿障,68
﻿汴,135
﻿呐,692
﻿沛,147
﻿嵬,20
﻿暧,20
﻿驸,907
﻿联,138
﻿汾,72
﻿诞,157
﻿废,208
﻿谕,379
﻿翁,220
﻿浩,258
﻿蟒,99
﻿匾,29
﻿屠,178
﻿杵,49
﻿臼,32
﻿婴,323
﻿裔,37
﻿祥,658
﻿薄,412
﻿唇,151
﻿贾,637
﻿隔,239
﻿粱,36
﻿斟,275
﻿喔,83
﻿剪,129
﻿电,69
﻿渔,267
﻿浣,77
﻿铺,167
﻿嚏,16
﻿市,206
﻿利,724
﻿拐,172
﻿杖,143
﻿臂,193
﻿具,160
﻿勿,261
﻿介,264
﻿谦,199
﻿褛,23
﻿箫,58
﻿熊,246
﻿洛,303
﻿邑,178
﻿辉,226
﻿阀,6
﻿阅,53
﻿粗,171
﻿虹,89
﻿霓,79
﻿鳞,26
﻿袄,43
﻿匕,29
﻿棵,45
﻿杳,70
﻿贝,119
﻿鲇,5
﻿甜,48
﻿雇,104
﻿直,943
﻿仃,39
﻿哺,27
﻿邱,140
﻿烛,259
﻿牡,75
﻿燕,668
﻿玺,98
﻿哟,1229
﻿啐,94
﻿僻,52
﻿罕,100
﻿饷,275
﻿帘,217
﻿嬉,21
﻿敲,191
﻿卜,191
﻿嫦,81
﻿递,183
﻿蜜,79
﻿搔,30
﻿翘,12
﻿棠,86
﻿捏,51
﻿晶,32
﻿懂,230
﻿毡,47
﻿洩,40
﻿梓,299
﻿兰,605
﻿横,448
﻿宙,62
﻿抖,264
﻿琼,509
﻿浆,143
﻿瓯,21
﻿温,498
﻿纣,158
﻿妲,104
﻿貂,126
﻿枷,151
﻿术,340
﻿骁,167
﻿赠,438
﻿聚,429
﻿豺,96
﻿濮,129
﻿烂,159
﻿额,47
﻿置,200
﻿陷,362
﻿羿,7
﻿窟,24
﻿段,321
﻿囚,354
﻿袁,737
﻿瞎,112
﻿蚕,39
﻿偃,106
﻿赌,212
﻿蔡,905
﻿捶,34
﻿绽,36
﻿嘶,80
﻿狭,56
﻿丑,434
﻿陶,300
﻿琪,86
﻿鹿,162
﻿挟,52
﻿棉,71
﻿蛇,192
﻿叭,39
﻿杜,579
﻿鹃,72
﻿泣,52
﻿邝,8
﻿骇,16
﻿挤,66
﻿绉,38
﻿夕,235
﻿呦,264
﻿喏,291
﻿挥,133
﻿肆,113
﻿镔,10
﻿俸,71
﻿髫,3
﻿涧,100
﻿勋,367
﻿帮,420
﻿荜,12
﻿冥,108
﻿竭,95
﻿丽,152
﻿枕,137
﻿莱,100
﻿缨,128
﻿灿,72
﻿铠,210
﻿坚,193
﻿固,222
﻿熟,281
﻿糟,197
﻿蹋,18
﻿淹,101
﻿阃,36
﻿输,249
﻿赢,144
﻿叉,130
﻿倪,66
﻿腊,167
﻿舱,73
﻿苇,34
﻿忌,217
﻿脊,22
﻿脑,223
﻿税,171
﻿啥,153
﻿毴,6
﻿咙,11
﻿剜,54
﻿泡,65
﻿熬,129
﻿膏,69
﻿卵,30
﻿挖,124
﻿趟,128
﻿练,339
﻿扉,31
﻿渴,151
﻿嗄,33
﻿式,80
﻿硬,88
﻿脖,32
﻿姥,85
﻿嘘,47
﻿局,85
﻿舐,2
﻿锤,216
﻿办,1242
﻿夸,432
﻿肋,11
﻿噤,79
﻿野,600
﻿谪,36
﻿唷,132
﻿哩,163
﻿攒,70
﻿猴,246
﻿剃,33
﻿篓,8
﻿麦,159
﻿轰,194
﻿演,482
﻿蹿,7
﻿裤,130
﻿骓,87
﻿赖,294
﻿拈,77
﻿塔,73
﻿纠,44
﻿甩,47
﻿豁,25
﻿箍,9
﻿鞑,13
﻿缩,55
﻿胭,94
﻿湾,76
﻿冬,118
﻿吸,20
﻿哜,7
﻿喳,386
﻿脓,6
﻿绰,44
﻿帕,95
﻿嘿,1159
﻿嚇,34
﻿丰,201
﻿鹅,50
﻿唵,18
﻿嘛,294
﻿咪,12
﻿吽,9
﻿萝,58
﻿菔,4
﻿醋,54
﻿焰,76
﻿斋,227
﻿荤,36
﻿攘,32
﻿恢,141
﻿狱,208
﻿欣,81
﻿稽,168
﻿敕,96
﻿冻,93
﻿丐,49
﻿噗,18
﻿汁,24
﻿爬,50
﻿喷,65
﻿爸,210
﻿拘,83
﻿工,319
﻿嗦,60
﻿锅,129
﻿杂,143
﻿烩,3
﻿柏,68
﻿赘,115
﻿婿,629
﻿预,332
﻿褥,23
﻿廿,31
﻿爿,11
﻿栈,56
﻿亚,216
﻿筒,22
﻿仕,53
﻿峰,102
﻿揭,97
﻿谛,5
﻿峨,34
﻿始,215
﻿伞,53
﻿芝,172
﻿秃,65
﻿驴,240
﻿漫,146
﻿杭,134
﻿<,1067
﻿b,63
﻿>,1067
﻿禹,137
﻿偿,169
﻿胖,57
﻿姿,98
﻿讳,51
﻿竖,58
﻿悖,12
﻿糠,47
﻿诺,61
﻿箱,120
﻿牒,30
﻿筝,14
﻿钉,121
﻿杠,36
﻿亨,18
﻿祠,57
﻿拷,136
﻿忤,28
﻿黛,80
﻿肥,86
﻿裘,50
﻿坛,241
﻿普,323
﻿乏,141
﻿佯,67
﻿瑁,142
﻿跋,52
﻿涉,120
﻿旷,63
﻿否,358
﻿郦,12
﻿刃,111
﻿晤,10
﻿觥,14
﻿沟,106
﻿舷,3
﻿暴,327
﻿榻,30
﻿竟,1223
﻿麾,93
﻿捷,107
﻿醺,72
﻿赦,503
﻿玠,22
﻿暮,227
﻿豫,98
﻿匠,102
﻿奖,214
﻿睬,52
﻿幔,10
﻿锣,149
﻿拢,34
﻿蚩,29
﻿卸,154
﻿寺,482
﻿靴,130
﻿斜,104
﻿艳,251
﻿篮,56
﻿纺,28
﻿袜,19
﻿蝴,49
﻿蝶,94
﻿嚷,311
﻿孀,32
﻿呱,32
﻿悠,184
﻿眇,10
﻿晴,205
﻿竿,82
﻿政,440
﻿薪,28
﻿孑,3
﻿栖,60
﻿腔,170
﻿嗣,172
﻿袈,38
﻿裟,38
﻿侠,181
﻿逵,125
﻿辂,12
﻿笺,23
﻿葡,32
﻿萄,30
﻿隋,59
﻿嫡,23
﻿妆,291
﻿韦,152
﻿驮,38
﻿悦,103
﻿穆,402
﻿诱,145
﻿肖,64
﻿恹,112
﻿瞭,31
﻿拗,33
﻿絮,169
﻿鹰,65
﻿叼,17
﻿刖,47
﻿咋,191
﻿嗓,44
﻿喇,77
﻿铡,135
﻿尹,104
﻿倖,9
﻿刮,94
﻿驻,90
﻿筛,28
﻿异,361
﻿龄,129
﻿朕,606
﻿琳,156
﻿召,365
﻿婢,473
﻿蕊,26
﻿雌,90
﻿档,40
﻿蒲,163
﻿堪,319
﻿罄,7
﻿烹,77
﻿庖,5
﻿煮,50
﻿侧,108
﻿慰,116
﻿祈,90
﻿邳,93
﻿吒,108
﻿婵,140
﻿娟,88
﻿捐,210
﻿躯,115
﻿皎,19
﻿沐,121
﻿渎,35
﻿瘫,5
﻿搥,1
﻿类,84
﻿飨,8
﻿嗯,872
﻿悮,7
﻿彼,229
﻿谐,66
﻿藩,145
﻿匡,410
﻿胤,204
﻿赭,24
﻿翰,83
﻿喻,24
﻿钞,35
﻿酬,145
﻿冕,30
﻿旒,22
﻿炷,32
﻿枣,56
﻿槊,31
﻿笛,23
﻿燥,23
﻿课,54
﻿娲,38
﻿剖,50
﻿亥,84
﻿讫,29
﻿啰,130
﻿坑,129
﻿笏,30
﻿惶,128
﻿犟,15
﻿孺,56
﻿巍,48
﻿醮,38
﻿陌,33
﻿姊,99
﻿祷,59
﻿跷,80
﻿墀,75
﻿祗,14
﻿蟠,116
﻿注,86
﻿轧,20
﻿姘,21
﻿脾,103
﻿幻,52
﻿嵌,9
﻿捣,88
﻿研,17
﻿颤,46
﻿嗔,39
﻿娼,69
﻿讼,20
﻿柜,155
﻿缝,121
﻿膊,24
﻿历,268
﻿袱,41
﻿痰,20
﻿嗽,45
﻿秤,38
﻿砣,8
﻿稻,16
﻿晒,22
﻿嗬,73
﻿咚,178
﻿希,104
﻿嘁,11
﻿堵,25
﻿码,15
﻿鳅,8
﻿槛,10
﻿瘟,17
﻿秧,7
﻿胀,8
﻿岔,87
﻿携,127
﻿珙,28
﻿瑞,317
﻿菊,40
﻿崔,346
﻿莺,221
﻿粪,37
﻿嗡,3
﻿衢,10
﻿宪,99
﻿拓,18
﻿捞,91
﻿抹,50
﻿刷,22
﻿简,255
﻿胃,13
﻿沫,6
﻿掯,4
﻿蛋,171
﻿辣,20
﻿痢,5
﻿刨,27
﻿笊,5
﻿篱,39
﻿渊,242
﻿歆,99
﻿诩,76
﻿郄,46
﻿粲,50
﻿植,87
﻿匆,92
﻿镌,5
﻿踞,46
﻿绛,107
﻿裁,104
﻿榷,7
﻿汜,55
﻿皖,2
﻿倦,154
﻿珮,23
﻿漓,18
﻿卤,67
﻿医,289
﻿藕,71
﻿橘,19
﻿竞,40
﻿桔,10
﻿疏,185
﻿拚,108
﻿恳,43
﻿弑,56
﻿检,109
﻿樨,3
﻿毙,23
﻿宛,57
﻿玛,10
﻿瑙,10
﻿集,232
﻿淮,369
﻿撤,246
﻿填,63
﻿夤,60
﻿弊,55
﻿掀,30
﻿晃,149
﻿搪,14
﻿脉,86
﻿册,70
﻿蜡,67
﻿誊,15
﻿返,118
﻿朽,156
﻿磕,158
﻿邬,31
﻿据,272
﻿贴,156
﻿叠,96
﻿溜,181
﻿靖,243
﻿佔,1
﻿槌,23
﻿瞳,30
﻿褒,84
﻿荥,89
﻿犄,17
﻿拍,69
﻿猖,230
﻿奋,303
﻿齑,36
﻿弼,66
﻿肱,25
﻿勃,136
﻿靳,30
﻿泻,14
﻿络,21
﻿绎,3
﻿嬴,97
﻿荫,101
﻿罩,113
﻿纂,6
﻿锈,5
﻿裂,76
﻿晌,34
﻿芒,39
﻿砀,14
﻿裕,26
﻿禧,11
﻿虐,59
﻿镶,30
﻿属,159
﻿靶,9
﻿饼,92
﻿铳,1
﻿鲸,23
﻿浙,21
﻿铛,9
﻿刽,36
﻿辖,72
﻿副,227
﻿勣,131
﻿喽,375
﻿岛,81
﻿堤,29
﻿虾,43
﻿衮,29
﻿觑,151
﻿邪,108
﻿螳,20
﻿螂,20
﻿弹,258
﻿翡,16
﻿懵,24
﻿傧,39
﻿偕,78
﻿瑟,48
﻿衩,7
﻿丕,81
﻿蹊,79
﻿拂,43
﻿搏,15
﻿淳,20
﻿罡,31
﻿驹,52
﻿矛,86
﻿惩,27
﻿酕,5
﻿醄,6
﻿箩,9
﻿粘,24
﻿骆,133
﻿驼,55
﻿桐,64
﻿疮,47
﻿忒,225
﻿蝎,17
﻿趴,34
﻿肘,30
﻿饰,85
﻿蓝,129
﻿鸨,121
﻿唾,62
﻿沈,304
﻿悍,13
﻿赃,284
﻿隶,42
﻿撸,1
﻿疙,33
﻿溶,54
﻿掸,26
﻿簪,146
﻿捨,6
﻿痒,26
﻿拣,17
﻿憋,14
﻿裆,10
﻿兜,63
﻿幌,26
﻿俩,431
﻿妺,11
﻿俗,164
﻿恒,38
﻿纬,29
﻿喈,90
﻿筑,79
﻿琵,55
﻿琶,55
﻿词,323
﻿粽,4
﻿唆,27
﻿髻,20
﻿纹,168
﻿汽,17
﻿绺,19
﻿挪,19
﻿馍,31
﻿汝,388
﻿棱,11
﻿陕,31
﻿錾,7
﻿嘚,146
﻿寄,229
﻿续,99
﻿撑,46
﻿贬,134
﻿袭,154
﻿岐,70
﻿蜂,93
﻿窦,252
﻿补,121
﻿寃,3
﻿噎,11
﻿籍,112
﻿栓,10
﻿冈,38
﻿臬,2
﻿踱,3
﻿慷,77
﻿制,193
﻿嫖,58
﻿婊,25
﻿锉,3
﻿溺,43
﻿颍,72
﻿寤,23
﻿寂,108
﻿寞,51
﻿妒,58
﻿襟,123
﻿坦,35
﻿嵩,136
﻿逝,39
﻿淑,58
﻿稠,20
﻿悯,52
﻿劲,123
﻿湿,108
﻿浸,15
﻿玑,67
﻿著,67
﻿趋,32
﻿示,194
﻿掷,41
﻿骘,43
﻿掇,24
﻿勘,19
﻿择,165
﻿栽,52
﻿惦,43
﻿嘲,38
﻿疲,42
﻿悽,13
﻿谒,57
﻿痊,117
﻿愈,199
﻿涛,66
﻿珊,40
﻿瑚,24
﻿庸,168
﻿赋,123
﻿蕴,17
﻿韫,7
﻿裸,5
﻿截,135
﻿擞,79
﻿抆,1
﻿疗,17
﻿盐,53
﻿酱,57
﻿腥,35
﻿筷,17
﻿疕,1
﻿租,22
﻿咧,137
﻿尿,32
﻿涕,20
﻿佃,7
﻿跕,1
﻿粒,37
﻿唃,1
﻿飧,2
﻿胳,29
﻿剽,2
﻿扔,51
﻿梆,63
﻿逛,122
﻿慕,119
﻿悌,50
﻿惑,95
﻿颖,63
﻿悟,178
﻿悚,12
﻿厄,13
﻿慨,89
﻿媱,1
﻿妓,157
﻿率,155
﻿滨,34
﻿桓,139
﻿盻,2
﻿郁,36
﻿滥,26
﻿庠,20
﻿瘙,1
﻿疖,1
﻿欧,107
﻿讯,58
﻿垛,22
﻿蹦,19
﻿窿,16
﻿颈,45
﻿刍,6
﻿咔,4
﻿哧,21
﻿戳,26
﻿缸,54
﻿凇,1
﻿炖,5
﻿镣,13
﻿羹,76
﻿扛,26
﻿嘎,58
﻿澄,23
﻿髓,10
﻿糜,174
﻿嗑,3
﻿援,118
﻿麋,8
﻿阚,34
﻿泽,119
﻿咨,9
﻿咆,36
﻿哮,41
﻿寮,6
﻿寐,22
﻿湘,158
﻿亘,9
﻿灞,63
﻿绩,47
﻿努,80
﻿蓆,1
﻿汲,20
﻿饵,29
﻿鳖,15
﻿咎,31
﻿凝,26
﻿眸,18
﻿迤,13
﻿逗,38
﻿驰,109
﻿骤,64
﻿骝,14
﻿措,44
﻿恁,240
﻿硫,6
﻿磺,6
﻿硝,7
﻿篆,17
﻿姚,588
﻿倔,47
﻿彷,43
﻿徨,45
﻿胄,155
﻿醪,36
﻿趱,333
﻿黉,36
﻿锹,2
﻿瘾,18
﻿吼,102
﻿郃,251
﻿阆,28
﻿巫,105
﻿峡,10
﻿膂,48
﻿掠,105
﻿彦,321
﻿碣,16
﻿锡,74
﻿镖,200
﻿绍,370
﻿敦,58
﻿骕,22
﻿骦,22
﻿缛,1
﻿鐙,2
﻿脆,117
﻿堡,53
﻿堃,40
﻿窥,99
﻿漕,32
﻿彪,225
﻿倌,10
﻿赊,25
﻿卞,318
﻿芍,26
﻿衬,27
﻿盯,5
﻿唠,53
﻿梵,9
﻿噌,4
﻿祀,20
﻿系,238
﻿霹,56
﻿雳,48
﻿芜,21
﻿詹,48
﻿姨,178
﻿淤,23
﻿蝗,16
﻿厝,2
﻿饽,60
﻿摊,56
﻿鞒,15
﻿阖,36
﻿韭,10
﻿馅,16
﻿您,4153
﻿舒,112
﻿稼,20
﻿贷,44
﻿亩,36
﻿虺,2
﻿傻,94
﻿歪,38
﻿邋,1
﻿遢,1
﻿噜,74
﻿糕,41
﻿梧,39
﻿寅,32
﻿批,70
﻿殓,78
﻿骠,36
﻿敞,18
﻿撼,21
﻿碱,2
﻿揝,6
﻿馒,36
﻿拤,1
﻿映,145
﻿狄,463
﻿碧,243
﻿序,17
﻿兀,131
﻿虞,185
﻿懈,7
﻿潞,50
﻿丘,97
﻿卫,340
﻿掳,104
﻿触,78
﻿骅,11
﻿骥,26
﻿缢,26
﻿窈,25
﻿窕,25
﻿刹,51
﻿薰,17
﻿囋,1
﻿伽,22
﻿佘,75
﻿廖,146
﻿磐,18
﻿楙,4
﻿铭,28
﻿庵,111
﻿艄,14
﻿迅,27
﻿缟,5
﻿猊,16
﻿炙,4
﻿肴,43
﻿涓,284
﻿翦,125
﻿痂,5
﻿蕡,3
﻿韂,7
﻿笤,12
﻿帚,35
﻿孵,2
﻿痕,105
﻿龛,7
﻿塌,78
﻿窖,17
﻿鳏,5
﻿捺,4
﻿鲤,27
﻿羡,126
﻿暑,21
﻿咄,26
﻿孕,62
﻿斓,7
﻿扒,55
﻿炳,189
﻿叆,2
﻿叇,2
﻿拒,104
﻿祚,16
﻿侵,114
﻿恃,74
﻿瞪,31
﻿殊,65
﻿谶,9
﻿谬,45
﻿遐,24
﻿敷,50
﻿辎,6
﻿锐,92
﻿堕,22
﻿倍,85
﻿恰,129
﻿讹,38
﻿侮,65
﻿驱,112
﻿储,22
﻿眺,9
﻿垓,55
﻿蒿,23
﻿潜,89
﻿突,81
﻿踊,12
﻿跃,55
﻿骄,58
﻿壕,34
﻿窜,32
﻿傝,4
﻿蛰,6
﻿逸,34
﻿彀,5
﻿哏,33
﻿嗅,1
﻿嫉,50
﻿僭,51
﻿漆,32
﻿椿,72
﻿挺,89
﻿赚,127
﻿蟹,24
﻿潦,17
﻿崎,66
﻿岖,63
﻿缴,70
﻿賽,1
﻿盃,9
﻿技,43
﻿态,80
﻿ ,565
﻿蒂,18
﻿骏,60
﻿寓,29
﻿榆,21
﻿奎,112
﻿璧,247
﻿雍,89
﻿熙,61
﻿癞,12
﻿蛤,11
﻿蟆,11
﻿斯,107
﻿褶,17
﻿憾,21
﻿虏,33
﻿践,85
﻿禾,11
﻿螃,10
﻿掤,1
﻿锥,24
﻿瘩,21
﻿蹇,14
﻿徽,43
﻿熨,4
﻿锒,1
﻿殡,31
﻿勦,5
﻿频,53
﻿勉,135
﻿褪,11
﻿矻,1
﻿碀,2
﻿拙,60
﻿彝,37
﻿捕,128
﻿坞,41
﻿坝,5
﻿幺,6
﻿哒,5
﻿呛,30
﻿i,268
﻿澡,37
﻿饫,1
﻿霁,9
﻿警,53
﻿闵,201
﻿悉,36
﻿柄,47
﻿甬,4
﻿穹,49
﻿胯,55
﻿竺,51
﻿烁,7
﻿釭,5
﻿砸,49
﻿晕,47
﻿怯,144
﻿焕,95
﻿椒,140
﻿阏,11
﻿缭,70
﻿骊,76
﻿墩,73
﻿坆,4
﻿冢,30
﻿堦,10
﻿巳,18
﻿岩,44
﻿奕,3
﻿邯,128
﻿郸,57
﻿唣,32
﻿宅,90
﻿沖,2
﻿噹,7
﻿吱,19
﻿冯,192
﻿狐,164
﻿帜,7
﻿奥,37
﻿丸,72
﻿咫,17
﻿兖,13
﻿甄,13
﻿獗,37
﻿敖,65
﻿羑,17
﻿衿,13
﻿芙,57
﻿蓉,81
﻿谩,5
﻿矫,48
﻿缙,5
﻿绅,106
﻿录,78
﻿玷,54
﻿驳,13
﻿俞,147
﻿徵,7
﻿桀,44
﻿矗,3
﻿烙,39
﻿虿,13
﻿箕,37
﻿姒,24
﻿虢,22
﻿芋,3
﻿芈,3
﻿嚭,73
﻿湣,8
﻿毅,64
﻿炀,33
﻿钺,25
﻿阱,37
﻿芯,4
﻿糯,4
﻿掘,59
﻿函,37
﻿踝,1
﻿唧,34
﻿嘈,12
﻿咕,54
﻿述,31
﻿楸,4
﻿踮,1
﻿嘀,12
﻿浦,31
﻿汕,1
﻿港,3
﻿灶,128
﻿爆,20
﻿胫,3
﻿揍,57
﻿啃,5
﻿酥,17
﻿萁,4
﻿唎,8
﻿漱,11
﻿鳝,1
﻿娩,29
﻿钵,27
﻿锯,27
﻿盹,24
﻿蝇,25
﻿痘,2
﻿镯,100
﻿眨,8
﻿札,62
﻿玲,66
﻿珑,62
﻿吮,3
﻿剂,15
﻿搽,6
﻿谭,35
﻿艰,74
﻿兑,34
﻿缪,33
﻿予,50
﻿鞅,10
﻿钝,7
﻿蔺,141
﻿聂,4
﻿俨,9
﻿版,4
﻿徊,17
﻿翊,10
﻿莘,20
﻿泾,11
﻿悝,9
﻿龁,90
﻿梗,45
﻿歧,45
﻿羸,2
﻿瑕,26
﻿润,45
﻿轸,9
﻿璞,23
﻿励,27
﻿倨,7
﻿亵,13
﻿趾,14
﻿蠋,6
﻿镬,5
﻿匿,30
﻿渑,48
﻿峙,5
﻿掣,12
﻿鹯,1
﻿吝,19
﻿缶,21
﻿溅,45
﻿质,144
﻿艮,7
﻿巽,9
﻿崖,73
﻿构,21
﻿厂,51
﻿颉,58
﻿犨,38
﻿洼,19
﻿崴,1
﻿族,91
﻿谱,36
﻿摄,31
﻿紊,15
﻿悼,16
﻿旋,115
﻿泗,21
﻿酌,45
﻿睦,33
﻿怆,18
﻿悴,16
﻿鹬,4
﻿蚌,10
﻿徇,47
﻿媚,74
﻿猩,16
﻿挚,4
﻿馥,55
﻿簇,25
﻿俅,51
﻿区,140
﻿逐,73
﻿匀,10
﻿馨,14
﻿圃,11
﻿瑛,13
﻿沸,51
﻿胶,10
﻿娱,31
﻿陡,28
﻿娉,11
﻿婷,12
﻿劣,35
﻿缇,6
﻿莹,4
﻿簾,1
﻿沮,6
﻿霖,36
﻿骖,3
﻿旙,3
﻿栅,13
﻿獠,5
﻿戬,32
﻿轲,74
﻿脯,16
﻿\,26
﻿t,273
﻿亳,3
﻿恻,47
﻿竣,7
﻿蘋,3
﻿锄,41
﻿琉,42
﻿璃,26
﻿鼋,1
﻿龇,2
﻿熏,16
﻿唿,5
﻿盅,75
﻿傀,9
﻿儡,7
﻿酉,14
﻿堍,1
﻿蔽,37
﻿漠,53
﻿秘,27
﻿粥,63
﻿啖,10
﻿蓄,27
﻿繁,52
﻿翩,26
﻿蓑,9
﻿笠,15
﻿鹢,1
﻿晁,61
﻿浔,19
﻿愆,15
﻿掭,1
﻿颊,10
﻿泊,93
﻿缉,20
﻿龌,4
﻿龊,4
﻿嚼,20
﻿燃,45
﻿阮,231
﻿谙,25
﻿丛,29
﻿庇,41
﻿厕,9
﻿赳,32
﻿蓦,27
﻿跄,24
﻿踉,18
﻿骋,13
﻿缧,12
﻿绁,11
﻿喨,1
﻿凸,1
﻿炯,6
﻿彤,83
﻿鋩,2
﻿颅,23
﻿觍,1
﻿氛,17
﻿臾,15
﻿篙,22
﻿妁,10
﻿圭,29
﻿郝,128
﻿拏,4
﻿阜,44
﻿梯,29
﻿剌,16
﻿驷,22
﻿胁,21
﻿痧,3
﻿诊,17
﻿忿,65
﻿棹,11
﻿桨,10
﻿馄,4
﻿饨,4
﻿帼,45
﻿贿,62
﻿斌,27
﻿仿,37
﻿烤,12
﻿陋,68
﻿轴,16
﻿裴,158
﻿革,337
﻿鞧,1
﻿韆,1
﻿韶,43
﻿镰,11
﻿讪,3
﻿综,18
﻿株,16
﻿拧,14
﻿噯,3
﻿鸽,20
﻿鈚,32
﻿缚,50
﻿拌,20
﻿闸,21
﻿噬,5
﻿獬,4
﻿犴,6
﻿均,143
﻿觜,2
﻿娄,7
﻿貐,1
﻿蚓,2
﻿氐,3
﻿貉,5
﻿蝠,2
﻿雉,8
﻿獐,15
﻿睺,17
﻿螯,3
﻿啤,1
﻿燮,9
﻿鼐,30
﻿辟,37
﻿茌,5
﻿爕,3
﻿俟,75
﻿瓒,69
﻿闿,4
﻿笨,15
﻿优,47
﻿互,32
﻿匵,2
﻿晾,7
﻿甸,12
﻿缏,1
﻿钣,2
﻿剁,33
﻿虬,77
﻿疟,3
﻿鲢,3
﻿靡,122
﻿嚘,8
﻿咯,24
﻿酣,32
﻿蚊,7
﻿蚤,5
﻿嗻,85
﻿矶,67
﻿睹,59
﻿琏,69
﻿呗,18
﻿獾,1
﻿绪,64
﻿匈,73
﻿靛,7
﻿歃,11
﻿闫,1
﻿偺,2
﻿茸,6
﻿洱,1
﻿噠,1
﻿舀,9
﻿撂,6
﻿痨,6
﻿酆,17
﻿矇,10
﻿涨,14
﻿蔻,4
﻿仅,14
﻿怙,8
﻿怡,40
﻿鹦,35
﻿鹉,31
﻿畸,2
﻿鹂,3
﻿贮,10
﻿沁,10
﻿蹂,9
﻿躏,9
﻿掬,9
﻿抔,4
﻿腻,18
﻿筏,3
﻿航,20
﻿侬,31
﻿昙,5
﻿辗,18
﻿诳,39
﻿划,101
﻿艘,2
﻿羌,67
﻿葱,14
﻿脐,12
﻿麝,27
﻿樱,40
﻿屄,13
﻿喁,3
﻿侣,18
﻿剋,1
﻿飏,5
﻿蓟,50
﻿趸,4
﻿铸,13
﻿媾,8
﻿酾,11
﻿蔑,50
﻿讬,1
﻿骷,16
﻿髅,15
﻿窃,93
﻿帛,79
﻿殛,7
﻿敛,42
﻿缥,19
﻿缈,25
﻿苹,14
﻿颏,2
﻿恸,36
﻿溃,18
﻿坯,9
﻿啷,3
﻿桧,97
﻿蹶,4
﻿吶,30
﻿喴,8
﻿咴,2
﻿勅,33
﻿蛊,14
﻿夙,47
﻿蜈,12
﻿蚣,12
﻿蟇,2
﻿杷,3
﻿菠,4
﻿豇,2
﻿楞,32
﻿臀,2
﻿栾,57
﻿猝,8
﻿迸,27
﻿泞,3
﻿磷,7
﻿滂,7
﻿沱,6
﻿钿,37
﻿组,8
﻿韁,2
﻿扪,8
﻿藉,28
﻿筐,15
﻿膻,4
﻿殉,53
﻿飒,11
﻿撺,11
﻿妞,79
﻿撵,17
﻿掰,3
﻿朔,95
﻿膨,1
﻿诵,41
﻿忏,24
﻿偈,5
﻿垢,21
﻿橱,2
﻿谮,4
﻿湛,23
﻿懊,9
﻿阇,2
﻿例,105
﻿谜,25
﻿嗨,216
﻿棂,8
﻿崽,14
﻿屙,5
﻿耙,3
﻿嗐,171
﻿唢,1
﻿赁,9
﻿蘸,8
﻿晦,44
﻿淦,4
﻿肢,31
﻿歛,2
﻿闾,11
﻿慵,13
﻿蒯,96
﻿彻,84
﻿烽,92
﻿碜,9
﻿恤,34
﻿诀,16
﻿缆,7
﻿匝,15
﻿浴,27
﻿麓,3
﻿魯,1
﻿咂,9
﻿盥,1
﻿栉,10
﻿笄,7
﻿呃,256
﻿嗼,1
﻿雎,27
﻿鸠,17
﻿嗷,9
﻿逑,12
﻿葩,4
﻿嫄,2
﻿咏,19
﻿铅,5
﻿呷,2
﻿哆,64
﻿啧,44
﻿萤,25
﻿蟾,24
﻿蜍,1
﻿瘢,2
﻿疤,4
﻿鍼,1
﻿茵,3
﻿捻,10
﻿纫,1
﻿腕,21
﻿欬,1
﻿郿,11
﻿楷,12
﻿肓,8
﻿榇,13
﻿翔,51
﻿睿,22
﻿澹,4
﻿傕,11
﻿邺,78
﻿诌,9
﻿鞦,2
﻿膘,9
﻿莠,3
﻿碟,22
﻿柿,1
﻿胰,3
﻿楂,8
﻿芘,1
﻿荸,1
﻿荠,3
﻿瓷,3
﻿赂,19
﻿瘌,1
﻿阉,9
﻿奁,47
﻿幞,8
﻿浚,17
﻿錡,6
﻿釜,18
﻿卨,43
﻿楫,27
﻿劄,1
﻿汎,2
﻿啻,6
﻿鳃,2
﻿哲,8
﻿荼,24
﻿沥,10
﻿拶,32
﻿蔴,3
﻿膺,36
﻿溥,26
﻿捎,31
﻿琢,9
﻿槟,6
﻿榔,6
﻿渰,4
﻿琦,73
﻿琮,36
﻿涝,6
﻿疫,7
﻿舛,2
﻿窘,8
﻿瓮,29
﻿雒,17
﻿闇,1
﻿簧,9
﻿瓢,12
﻿蠡,52
﻿逦,7
﻿琥,11
﻿珀,11
﻿厘,21
﻿涩,6
﻿熹,2
﻿摧,41
﻿隅,13
﻿颂,27
﻿讥,20
﻿讽,12
﻿邂,6
﻿逅,6
﻿冶,8
﻿鄂,83
﻿嘏,1
﻿霭,49
﻿液,16
﻿筳,1
﻿弒,1
﻿羲,12
﻿宥,14
﻿羁,28
﻿殢,1
﻿剔,19
﻿彘,3
﻿罹,7
﻿枚,42
﻿弗,280
﻿偖,4
﻿迪,44
﻿诋,3
﻿玻,11
﻿瞆,2
﻿殚,3
﻿祯,63
﻿弘,71
﻿疎,4
﻿桢,15
﻿谆,29
﻿橦,4
﻿跣,4
﻿铚,1
﻿嫔,27
﻿绦,15
﻿揩,6
﻿驽,5
﻿枫,9
﻿阊,13
﻿逮,20
﻿鹭,14
﻿馊,2
﻿荄,3
﻿铨,7
﻿侃,13
﻿汹,20
﻿稿,22
﻿侫,4
﻿囫,2
﻿囵,2
﻿殴,23
﻿涎,6
﻿缕,26
﻿邸,8
﻿叱,30
﻿诧,4
﻿毯,5
﻿垣,32
﻿殆,9
﻿洮,37
﻿咤,19
﻿沌,8
﻿穑,2
﻿昊,16
﻿煌,39
﻿娆,7
﻿斛,11
﻿娴,16
﻿妩,2
﻿谄,13
﻿谀,4
﻿楣,12
﻿嘟,48
﻿嫒,80
﻿狰,21
﻿狞,21
﻿沂,38
﻿磬,25
﻿涿,40
﻿叟,18
﻿琅,13
﻿琊,8
﻿盲,4
﻿伪,24
﻿纯,38
﻿篁,4
﻿斡,4
﻿缀,15
﻿榛,1
﻿侪,4
﻿溉,2
﻿砌,14
﻿颓,25
﻿诲,17
﻿檄,40
﻿玱,2
﻿畯,1
﻿鹄,17
﻿譬,6
﻿尪,37
﻿械,38
﻿贻,32
﻿弇,1
﻿募,66
﻿斫,11
﻿磋,4
﻿倷,35
﻿呓,13
﻿恂,3
﻿啬,10
﻿诿,5
﻿铒,1
﻿秭,1
﻿侗,4
﻿褂,16
﻿萃,3
﻿悒,5
﻿怏,11
﻿磁,22
﻿呣,13
﻿猷,8
﻿绨,3
﻿萎,5
﻿括,112
﻿蒌,1
﻿菎,1
﻿嫜,6
﻿侨,1
﻿耄,4
﻿耋,2
﻿揾,7
﻿漾,16
﻿扈,108
﻿豢,3
﻿箴,6
﻿龆,1
﻿偎,10
﻿淬,1
﻿壤,16
﻿黯,10
﻿颡,3
﻿核,12
﻿宕,2
﻿喑,1
﻿播,18
﻿揪,23
﻿拎,1
﻿栀,1
﻿碳,2
﻿肿,13
﻿楠,3
﻿沦,18
﻿霍,42
﻿輗,1
﻿軏,1
﻿滌,1
﻿赣,6
﻿肇,26
﻿毬,5
﻿俚,4
﻿辑,22
﻿硕,15
﻿蒐,2
﻿狩,16
﻿湧,3
﻿畦,3
﻿兮,123
﻿濯,7
﻿箸,9
﻿殄,4
﻿疽,3
﻿曳,8
﻿炕,21
﻿氤,5
﻿醇,10
﻿隙,29
﻿逾,13
﻿肤,15
﻿卺,20
﻿酷,21
﻿促,36
﻿噫,21
﻿旭,42
﻿裣,5
﻿衽,9
﻿彬,60
﻿螫,3
﻿袒,14
﻿孰,15
﻿惮,24
﻿叵,16
﻿磊,16
﻿艾,110
﻿谌,10
﻿鸩,6
﻿匍,8
﻿匐,9
﻿婉,25
﻿绘,12
﻿绯,4
﻿佥,31
﻿肾,2
﻿芎,1
﻿衍,48
﻿枇,8
﻿勺,15
﻿馁,5
﻿撅,8
﻿倽,10
﻿距,4
﻿袅,21
﻿鸶,2
﻿坷,6
﻿娑,14
﻿踩,14
﻿玗,1
﻿須,1
﻿挫,26
﻿掏,24
﻿燻,1
﻿曷,2
﻿藜,12
﻿嵇,1
﻿卉,16
﻿袂,12
﻿陇,35
﻿惺,19
﻿巅,8
﻿铲,14
﻿掐,26
﻿揸,1
﻿漥,8
﻿蹭,23
﻿赓,2
﻿徜,7
﻿徉,9
﻿覻,2
﻿氅,6
﻿碾,8
﻿舂,3
﻿螺,9
﻿玳,8
﻿铙,5
﻿钹,13
﻿瞰,2
﻿僵,14
﻿祟,24
﻿糙,2
﻿坵,4
﻿乂,1
﻿翱,14
﻿询,25
﻿荛,3
﻿赈,66
﻿燹,3
﻿莸,2
﻿渣,4
﻿滋,36
﻿颟,1
﻿帏,44
﻿币,11
﻿簌,12
﻿s,246
﻿u,484
﻿p,485
﻿a,247
﻿h,246
﻿r,494
﻿e,748
﻿f,492
﻿_,490
﻿-,497
﻿1,341
﻿d,247
﻿n,251
﻿o,254
﻿盾,57
﻿2,171
﻿3,111
﻿翟,39
﻿媛,16
﻿隼,11
﻿倜,7
﻿傥,7
﻿糁,1
﻿妮,6
﻿俦,35
﻿綍,1
﻿鄘,6
﻿烘,20
﻿柙,2
﻿瞅,38
﻿咭,3
﻿鹑,12
﻿滞,12
﻿咿,116
﻿攮,5
﻿骜,68
﻿鹳,3
﻿.,35
﻿颦,8
﻿拟,18
﻿薜,5
﻿苓,3
﻿摺,13
﻿衅,24
﻿阍,16
﻿鞯,10
﻿斥,10
﻿顔,1
﻿敍,4
﻿裏,1
﻿搧,3
﻿憔,17
﻿绶,11
﻿槨,1
﻿崂,3
﻿魅,13
﻿抡,29
﻿莞,3
﻿邵,30
﻿瘠,1
﻿垦,4
﻿伎,16
﻿巩,31
﻿寰,12
﻿戍,12
﻿谍,3
﻿麽,1
﻿酋,46
﻿域,26
﻿觐,6
﻿妍,13
﻿湊,1
﻿榴,7
﻿炒,28
﻿炝,1
﻿窪,8
﻿芬,15
﻿躭,2
﻿笆,3
﻿晖,8
﻿殒,27
﻿仝,34
﻿箓,7
﻿忭,10
﻿猾,10
﻿疱,1
﻿馔,10
﻿曙,9
﻿甑,5
﻿劬,20
﻿妬,5
﻿蘼,9
﻿邠,9
﻿麸,7
﻿薇,10
﻿別,6
﻿畔,35
﻿萋,4
﻿瘤,17
﻿佗,33
﻿帻,4
﻿衲,14
﻿皈,15
﻿褦,1
﻿襶,1
﻿唏,5
﻿雹,2
﻿韵,42
﻿孥,4
﻿觷,5
﻿）,7
﻿企,2
﻿灼,55
﻿稟,9
﻿盂,7
﻿绖,1
﻿陲,6
﻿邢,31
﻿沅,5
﻿槎,5
﻿愦,2
﻿臻,5
﻿憩,17
﻿蘅,8
﻿塚,9
﻿雯,46
﻿惝,3
﻿卡,4
﻿睏,5
﻿翥,4
﻿屿,3
﻿汛,30
﻿噁,3
﻿桅,13
﻿培,17
﻿矢,14
﻿缱,12
﻿绻,10
﻿喀,35
﻿焙,3
﻿茗,20
﻿跺,7
﻿歉,9
﻿框,1
﻿嘬,5
﻿鬏,4
﻿噔,4
﻿蛆,2
﻿刈,2
﻿谴,16
﻿昇,1
﻿頫,1
﻿嗜,2
﻿姝,56
﻿伉,7
﻿俪,7
﻿愣,39
﻿怔,2
﻿侑,4
﻿谲,3
﻿膈,2
﻿掛,1
﻿惴,2
﻿巵,2
﻿涡,3
﻿恓,6
﻿澈,5
﻿觔,1
﻿殂,5
﻿颌,3
﻿泸,2
﻿惫,4
﻿骧,15
﻿骞,2
﻿艇,3
﻿译,2
﻿璈,2
﻿苑,41
﻿绡,44
﻿宸,40
﻿骔,1
﻿烬,14
﻿瘴,11
﻿桡,1
﻿壑,9
﻿藻,6
﻿殖,15
﻿艨,8
﻿艟,9
﻿岚,1
﻿峦,4
﻿涅,2
﻿届,5
﻿搓,5
﻿拊,2
﻿髀,2
﻿俄,5
﻿戥,5
﻿掼,1
﻿编,25
﻿氓,6
﻿鼙,7
﻿聩,5
﻿蝌,1
﻿蚪,1
﻿缊,1
﻿枢,28
﻿稚,2
﻿邮,26
﻿遒,1
﻿锚,1
﻿纤,28
﻿怍,1
﻿啵,22
﻿撰,15
﻿诔,1
﻿酩,10
﻿酊,10
﻿祐,2
﻿轼,2
﻿颐,11
﻿噃,1
﻿辄,13
﻿爻,5
﻿劾,8
﻿阑,25
﻿菲,17
﻿姹,7
﻿嫣,8
﻿蹁,3
﻿跹,7
﻿炬,8
﻿痺,1
﻿秣,7
﻿厩,3
﻿躣,1
﻿啭,5
﻿挈,3
﻿贽,3
﻿苎,26
﻿裾,3
﻿蹙,14
﻿萦,15
﻿虱,8
﻿嚣,7
﻿奚,51
﻿燎,14
﻿枰,3
﻿迄,5
﻿馀,28
﻿谚,2
﻿惘,6
﻿尻,1
﻿晰,3
﻿徳,18
﻿黒,1
﻿將,1
﻿绮,25
﻿橹,9
﻿焭,3
﻿枴,9
﻿忝,7
﻿陨,5
﻿弔,2
﻿獍,6
﻿碡,2
﻿豕,2
﻿炫,3
﻿删,14
﻿賊,1
﻿椽,3
﻿骟,3
﻿掮,1
﻿嫽,1
﻿谟,5
﻿跛,5
﻿孜,41
﻿軿,3
﻿刳,1
﻿迭,15
﻿耨,6
﻿骈,5
﻿迦,18
﻿喃,6
﻿暨,4
﻿毘,18
﻿乍,39
﻿冉,29
﻿驭,6
﻿螭,5
﻿珈,2
﻿眶,6
﻿鬘,2
﻿蔓,8
﻿潺,5
﻿轡,2
﻿僖,35
﻿挎,6
﻿迓,7
﻿碓,9
﻿蓓,1
﻿蕾,1
﻿冽,3
﻿迩,10
﻿攷,1
﻿型,2
﻿菽,5
﻿匏,1
﻿觌,2
﻿灏,2
﻿旮,6
﻿旯,6
﻿阐,9
﻿瞿,27
﻿魆,1
﻿锟,3
﻿煖,4
﻿讴,6
﻿遨,16
﻿莅,1
﻿煽,13
﻿黃,1
﻿廋,1
﻿瞽,4
﻿堠,2
﻿罴,10
﻿尨,1
﻿夔,3
﻿沤,3
﻿玖,2
﻿侔,3
﻿猕,3
﻿狻,5
﻿忻,4
﻿驯,5
﻿蒺,3
﻿忉,2
﻿倡,10
﻿搞,6
﻿橐,2
﻿佣,12
﻿蠹,2
﻿颔,3
﻿拭,11
﻿仞,9
﻿苜,2
﻿蓿,2
﻿鄯,60
﻿溢,8
﻿鑫,1
﻿揽,42
﻿內,1
﻿:,4
﻿煨,1
﻿瀨,1
﻿跻,3
﻿礙,1
﻿铻,2
﻿魈,8
﻿犀,5
﻿擢,8
﻿魑,2
﻿崑,4
﻿厶,1
﻿帇,1
﻿囡,17
﻿曚,1
﻿褡,2
﻿囝,1
﻿舡,1
﻿驶,6
﻿槖,1
﻿毂,2
﻿估,4
﻿腆,13
﻿妯,3
﻿娌,3
﻿穗,1
﻿瓞,3
﻿廪,4
﻿廒,7
﻿幢,5
﻿溟,1
﻿楹,1
﻿眬,3
﻿偓,2
﻿佺,2
﻿鰲,1
﻿龕,1
﻿峤,3
﻿遊,2
﻿聆,14
﻿沓,10
﻿亿,15
﻿旛,8
﻿骛,1
﻿铮,20
﻿琐,4
﻿氲,4
﻿揆,2
﻿庥,3
﻿缤,7
﻿铿,2
﻿锵,8
﻿忱,3
﻿洽,5
﻿姗,4
﻿鲛,8
﻿辏,8
﻿耑,1
﻿帑,5
﻿辐,6
﻿笟,2
﻿岫,4
﻿瀛,6
﻿刊,3
﻿蔼,5
﻿祧,7
﻿畘,1
﻿畿,8
﻿婺,1
﻿蕞,1
﻿笃,4
﻿鄢,21
﻿蒍,19
﻿尩,10
﻿茷,31
﻿贲,50
﻿俎,6
﻿箒,1
﻿旃,16
﻿詈,1
﻿郢,60
﻿旰,3
﻿桦,1
﻿郤,54
﻿芮,19
﻿繇,10
﻿饴,6
﻿粟,17
﻿冗,4
﻿睑,7
﻿筠,2
﻿镒,5
﻿秩,23
﻿喙,4
﻿镂,11
﻿屧,3
﻿槁,7
﻿睄,9
﻿葵,25
﻿瘸,13
﻿倩,9
﻿誚,1
﻿胕,1
﻿猥,1
﻿廩,1
﻿隘,23
﻿墟,9
﻿埠,8
﻿廓,2
﻿饲,6
﻿徘,16
﻿翮,1
﻿變,1
﻿洹,11
﻿壩,6
﻿椁,12
﻿窠,2
﻿髦,2
﻿炊,11
﻿磻,2
﻿翳,14
﻿嗏,7
﻿鹪,1
﻿鹩,1
﻿挠,21
﻿鲊,3
﻿蝥,1
﻿弧,27
﻿栎,5
﻿钜,6
﻿羆,2
﻿崆,8
﻿峒,3
﻿鼍,14
﻿迴,2
﻿霏,6
﻿濛,5
﻿琤,1
﻿忡,2
﻿畴,9
﻿薨,12
﻿邛,49
﻿贶,1
﻿渥,2
﻿寥,20
﻿迳,5
﻿孱,11
﻿娅,5
﻿皑,2
﻿涤,7
﻿垆,14
﻿坍,3
﻿桫,2
﻿侩,3
﻿牍,1
﻿绌,2
﻿骢,17
﻿筰,7
﻿駹,1
﻿儆,4
﻿馈,8
﻿嘤,10
﻿拽,3
﻿嘞,15
﻿嘸,2
﻿嚧,2
﻿懔,1
﻿蜉,2
﻿蝣,2
﻿愷,1
﻿霈,1
﻿渤,5
﻿噻,1
﻿痔,1
﻿掖,10
﻿晔,8
﻿旂,4
﻿麇,1
﻿濡,4
﻿荧,1
﻿倶,7
﻿琬,17
﻿姆,21
﻿讶,6
﻿钳,3
﻿锢,2
﻿舔,4
﻿粧,2
﻿捥,1
﻿効,6
﻿慇,1
﻿沏,21
﻿祕,2
﻿昩,2
﻿燬,4
﻿铎,6
﻿胪,5
﻿隄,2
﻿叽,8
﻿哝,3
﻿沔,5
﻿朴,9
﻿伫,2
﻿搴,7
﻿墉,3
﻿耸,9
﻿犺,1
﻿覩,1
﻿襆,3
﻿赉,3
﻿诤,5
﻿祇,4
﻿l,10
﻿^,3
﻿邈,73
﻿矜,7
﻿歼,11
﻿觱,4
﻿篥,5
﻿狲,1
﻿薆,1
﻿蜗,4
﻿糞,1
﻿褊,3
﻿襕,3
﻿廝,7
﻿恣,8
﻿饕,6
﻿黲,2
﻿憨,10
﻿矅,1
﻿爰,10
﻿飔,1
﻿蜘,2
﻿蛛,7
﻿荳,1
﻿缔,12
﻿饬,6
﻿痈,3
﻿彿,1
﻿弁,3
﻿〖,4
﻿〗,4
﻿兹,11
﻿陬,3
﻿嵯,4
﻿瀑,2
﻿鸥,3
﻿磴,1
﻿巉,2
﻿涸,3
﻿鲋,2
﻿捋,12
﻿礁,4
﻿迂,15
﻿郗,19
﻿翌,3
﻿冑,2
﻿噙,4
﻿呯,8
﻿绾,8
﻿綉,3
﻿砒,7
﻿淨,1
﻿欶,1
﻿渝,2
﻿硖,1
﻿赡,4
﻿悫,30
﻿粤,2
﻿曜,13
﻿镐,13
﻿繮,2
﻿逶,1
﻿抟,7
﻿弈,6
﻿茨,3
﻿颢,3
﻿楮,3
﻿逻,13
﻿倥,5
﻿偬,5
﻿徬,2
﻿垱,1
﻿哔,1
﻿卅,1
﻿峪,46
﻿枱,1
﻿毗,10
﻿陞,2
﻿啾,11
﻿浒,16
﻿蕃,16
﻿韝,1
﻿鸱,7
﻿鸮,13
﻿蜇,2
﻿甏,1
﻿玫,1
﻿瑰,1
﻿焖,5
﻿酴,1
﻿醿,1
﻿矬,2
﻿倯,1
﻿淼,1
﻿─,27
﻿桴,8
﻿襖,1
﻿瞥,2
﻿僝,1
﻿僽,1
﻿渚,15
﻿兕,3
﻿睚,2
﻿眦,2
﻿吻,8
﻿鑚,1
﻿豚,3
﻿篑,2
﻿蕰,2
﻿蓍,1
﻿賞,1
﻿鍪,4
﻿峋,2
﻿煻,1
﻿珥,2
﻿珰,2
﻿瑱,1
﻿栊,12
﻿瞇,1
﻿佬,2
﻿镀,1
﻿涔,2
﻿忪,1
﻿潸,4
﻿汇,7
﻿辘,15
﻿诫,4
﻿耘,4
﻿嗙,6
﻿滤,1
﻿踰,1
﻿酧,1
﻿荏,13
﻿尅,6
﻿佟,3
﻿蔿,20
﻿弛,5
﻿赧,7
﻿阈,1
﻿竽,2
﻿驩,12
﻿郧,8
﻿裨,5
﻿捦,1
﻿縠,6
﻿锜,24
﻿俘,12
﻿岈,1
﻿歂,8
﻿穽,9
﻿蹉,9
﻿跎,9
﻿纽,3
﻿嚓,5
﻿褟,3
﻿嗤,10
﻿滷,3
﻿杉,4
﻿薯,5
﻿杓,4
﻿嗞,2
﻿攥,4
﻿饸,5
﻿饹,5
﻿抻,8
﻿鹌,7
﻿屉,1
﻿吜,2
﻿硌,2
﻿昵,1
﻿砟,7
﻿凿,9
﻿腚,1
﻿砧,2
﻿哚,3
﻿橛,5
﻿辙,10
﻿铊,3
﻿喒,4
﻿笳,10
﻿伕,2
﻿瘊,1
﻿疸,11
﻿塗,1
﻿哞,2
﻿珩,30
﻿渗,5
﻿戾,7
﻿璫,1
﻿趲,3
﻿憑,1
﻿缷,1
﻿呒,1
﻿稜,2
﻿裱,4
﻿扠,9
﻿遴,1
﻿遙,1
﻿慤,1
﻿醍,2
﻿蜱,1
﻿裉,1
﻿躱,4
﻿俾,3
﻿旄,25
﻿伹,2
﻿耪,2
﻿．,4
﻿诮,4
﻿郞,13
﻿娜,10
﻿撗,1
﻿―,2
﻿憧,1
﻿吿,69
﻿狙,2
﻿髙,27
﻿覌,1
﻿槪,3
﻿噍,4
﻿冋,3
﻿7,10
﻿耒,12
﻿秫,2
﻿秸,2
﻿淸,2
﻿蜚,2
﻿禝,2
﻿仄,3
﻿犁,9
﻿镗,1
﻿眈,7
﻿獝,1
﻿轨,9
﻿坨,1
﻿篦,1
﻿碴,22
﻿笸,2
﻿甭,118
﻿锻,3
﻿瘪,9
﻿徙,8
﻿怹,24
﻿瑭,2
﻿蔫,1
﻿胚,1
﻿蚀,2
﻿贰,6
﻿畀,3
﻿邲,1
﻿伟,21
﻿疚,3
﻿慑,3
﻿绥,2
﻿殁,1
﻿淄,17
﻿谑,3
﻿甗,4
﻿垄,2
﻿擘,1
﻿昺,1
﻿薏,1
﻿仉,1
﻿撢,2
﻿仨,20
﻿崧,8
﻿盱,3
﻿菅,7
﻿枹,2
﻿瓘,26
﻿赍,5
﻿逩,9
﻿嵋,10
﻿豨,42
﻿茧,3
﻿麴,17
﻿罍,2
﻿腼,7
﻿诶,56
﻿婕,2
﻿妤,3
﻿傢,1
﻿蹩,1
﻿黌,4
﻿菴,1
﻿悸,4
﻿嫱,3
﻿眛,2
﻿錪,4
﻿捂,14
﻿簸,3
﻿跩,3
﻿饺,1
﻿蜿,2
﻿蜒,2
﻿昕,3
﻿杼,2
﻿昃,1
﻿襁,5
﻿褓,5
﻿徼,3
﻿衘,1
﻿掂,9
﻿镴,4
﻿杈,8
﻿唻,3
﻿仵,3
﻿迥,1
﻿榭,3
﻿鬻,6
﻿沃,10
﻿骀,4
﻿亹,2
﻿髭,3
﻿邃,1
﻿扃,2
﻿蒹,2
﻿夑,2
﻿恬,7
﻿焯,4
﻿椎,3
﻿圯,10
﻿阪,1
﻿售,13
﻿苛,23
﻿籐,10
﻿扼,2
﻿籘,3
﻿鹘,2
﻿麅,2
﻿徹,20
﻿购,9
﻿笞,5
﻿燦,5
﻿镝,2
﻿屐,3
﻿靓,17
﻿嫫,7
﻿毓,2
﻿茹,5
﻿钮,2
﻿跸,2
﻿瓖,7
﻿腋,3
﻿箪,4
﻿唳,4
﻿狎,4
﻿铄,3
﻿燖,1
﻿豻,1
﻿滁,20
﻿蕲,1
﻿诽,16
﻿拮,1
﻿呻,5
﻿乜,2
﻿鱄,3
﻿婪,13
﻿撄,2
﻿戌,9
﻿佇,1
﻿忸,2
﻿怩,2
﻿皁,4
﻿伥,3
﻿爇,3
﻿杻,2
﻿湔,1
﻿毎,2
﻿醸,1
﻿狑,1
﻿抦,1
﻿魇,12
﻿邙,2
﻿轵,1
﻿獏,1
﻿査,1
﻿孪,1
﻿鱗,2
﻿礌,2
﻿棼,1
﻿腫,1
﻿峥,2
﻿嵘,2
﻿睽,2
﻿皿,9
﻿蒨,4
﻿髮,1
﻿嗫,2
﻿嚅,2
﻿氍,1
﻿毹,1
﻿湄,7
﻿钰,13
﻿宼,2
﻿璨,4
﻿汚,1
﻿鈎,1
﻿淝,3
﻿骣,3
﻿抂,1
﻿啜,1
﻿龚,26
﻿塜,1
﻿址,2
﻿憎,4
﻿曈,1
﻿昽,1
﻿煜,3
﻿析,1
﻿滾,1
﻿耷,1
﻿嬷,4
﻿茜,5
﻿焐,2
﻿卮,4
﻿蔷,8
﻿墅,5
﻿姮,1
﻿墼,1
﻿渍,3
﻿邗,1
﻿峭,3
﻿茏,2
﻿璀,1
﻿愫,2
﻿纨,12
﻿芷,1
﻿籁,5
﻿悱,2
﻿姤,1
﻿榧,1
﻿疔,1
﻿瘗,1
﻿挞,1
﻿芸,1
﻿淅,1
﻿檠,2
﻿苒,4
﻿遏,3
﻿鼕,1
﻿阄,4
﻿玘,3
﻿狴,1
﻿【,1
﻿铐,1
﻿鲫,1
﻿栩,2
﻿捯,2
﻿搦,2
﻿涪,11
﻿璝,13
﻿蚰,3
﻿蜓,3
﻿瓤,2
﻿鬉,1
﻿幷,1
﻿黜,3
﻿昝,2
﻿酖,1
﻿匮,1
﻿郏,8
﻿撷,2
﻿尙,1
﻿恫,2
﻿拄,5
﻿佻,1
﻿蹒,2
﻿跚,2
﻿歔,1
﻿欷,1
﻿饔,1
﻿湮,1
﻿鞮,14
﻿圉,5
﻿遄,7
﻿貘,9
﻿荩,1
﻿飙,1
﻿啄,1
﻿糇,4
﻿缯,1
﻿黾,1
﻿沼,2
﻿卬,10
﻿遑,1
﻿搋,2
﻿劭,1
﻿硭,1
﻿纮,6
﻿瑯,4
﻿疠,1
﻿廛,2
﻿溻,1
﻿痞,3
﻿苋,1
﻿邕,18
﻿璠,1
﻿璵,1
﻿皤,1
﻿睢,42
﻿闽,15
﻿恪,1
﻿键,3
﻿驲,1
﻿闕,1
﻿缑,3
﻿扩,2
﻿抒,5
﻿纾,2
﻿伷,10
﻿砥,3
﻿牺,5
﻿禇,1
﻿暝,5
﻿璟,2
﻿圜,1
﻿觏,1
﻿蹰,2
﻿牂,1
﻿牁,1
﻿雋,1
﻿砺,4
﻿嶷,2
﻿邽,3
﻿綝,6
﻿隽,2
﻿袆,1
﻿搊,1
﻿缃,1
﻿襦,1
﻿帩,1
﻿皙,1
﻿鬑,2
﻿獮,1
﻿潢,7
﻿跖,2
﻿阘,4
﻿僱,5
﻿摹,9
﻿缁,1
﻿絃,4
﻿騧,1
﻿漳,38
﻿鹣,1
﻿牆,1
﻿蚂,4
﻿绱,1
﻿涮,4
﻿茬,13
﻿页,4
﻿筲,1
﻿臢,7
﻿莆,3
﻿遽,5
﻿赒,1
﻿崤,2
﻿蹑,3
﻿逄,1
﻿霾,3
﻿荻,2
﻿溧,2
﻿薳,8
﻿洑,1
﻿壅,1
﻿郜,31
﻿迍,1
﻿邅,1
﻿虀,2
﻿敎,2
﻿幵,1
﻿擐,2
﻿懋,13
﻿隲,12
﻿溷,2
﻿砾,1
﻿臆,1
﻿黏,1
﻿呖,13
﻿圻,1
﻿矰,1
﻿恺,3
﻿桠,1
﻿曼,3
﻿冏,1
﻿罅,1
﻿黔,2
﻿愎,5
﻿哓,3
﻿偾,2
﻿樗,2
﻿穣,1
﻿苴,1
﻿剀,4
﻿缌,1
﻿觇,1
﻿鲵,4
﻿嶙,3
﻿戕,4
﻿衝,1
﻿弭,1
﻿淙,4
﻿鼾,6
﻿镑,1
﻿飐,1
﻿旆,1
﻿郫,1
﻿痍,3
﻿幛,2
﻿犊,3
﻿剴,1
﻿餮,1
﻿摒,2
﻿凜,2
﻿轈,1
﻿蜻,1
﻿纭,5
﻿阽,1
﻿潋,3
﻿醢,2
﻿崚,3
﻿嶒,4
﻿吋,1
﻿缜,2
﻿衂,1
﻿坪,1
﻿舨,1
﻿岀,1
﻿祛,1
﻿羶,1
﻿亟,3
﻿掾,52
﻿驺,7
﻿穰,3
﻿扦,1
﻿囹,5
﻿圄,5
﻿檑,3
﻿蜃,2
﻿僮,12
﻿券,3
﻿唩,1
﻿腭,2
﻿桎,16
﻿檗,1
﻿儋,3
﻿绷,10
﻿窨,1
﻿刬,1
﻿眩,7
﻿髁,1
﻿乒,6
﻿乓,6
﻿呲,3
﻿鄱,16
﻿舰,4
﻿哂,2
﻿藁,1
﻿煠,1
﻿诃,4
﻿裰,1
﻿剧,26
﻿醑,2
﻿4,55
﻿痪,1
﻿5,24
﻿6,17
﻿怖,3
﻿泜,1
﻿棲,4
﻿癣,4
﻿疥,4
﻿馘,2
﻿枥,2
﻿馑,2
﻿莩,1
﻿喵,1
﻿艋,1
﻿黠,2
﻿轱,8
﻿眄,2
﻿苫,2
﻿蘧,1
﻿忺,2
﻿篝,1
﻿蹟,1
﻿荞,1
﻿笘,1
﻿豖,1
﻿徭,3
﻿勗,1
﻿铖,23
﻿镛,6
﻿珪,1
﻿雠,1
﻿廙,2
﻿郯,1
﻿鄗,1
﻿佚,2
﻿鲂,5
﻿鲈,1
﻿欸,7
﻿筢,1
﻿呶,3
﻿囱,1
﻿搡,5
﻿椟,2
﻿裼,1
﻿裎,1
﻿浼,1
﻿忞,1
﻿祎,4
﻿孛,21
﻿涣,4
﻿躜,3
﻿鬚,1
﻿欵,1
﻿柑,19
﻿遘,2
﻿藳,1
﻿胼,1
﻿胝,1
﻿爨,2
﻿摈,2
﻿聒,2
﻿蘩,1
﻿赀,2
﻿桚,1
﻿鸢,10
﻿妪,3
﻿鲲,3
﻿階,1
﻿枵,2
﻿镳,7
﻿刧,1
﻿踫,1
﻿诅,3
﻿榨,2
﻿汰,1
﻿讧,2
﻿烝,2
﻿狨,8
﻿阕,3
﻿麂,12
﻿獒,22
﻿餍,1
﻿踵,2
﻿汦,1
﻿甯,1
﻿閤,2
﻿酗,2
﻿瞩,2
﻿噩,3
﻿堑,1
﻿俶,1
﻿椤,1
﻿漪,1
﻿筇,1
﻿惓,2
﻿蜕,1
﻿嗝,2
﻿撬,4
﻿靸,1
﻿嘣,1
﻿擩,2
﻿蛔,1
﻿尴,3
﻿尬,3
﻿甪,1
﻿錘,1
﻿卻,7
﻿眙,2
﻿隳,2
﻿茝,1
﻿嶂,1
﻿鞴,2
﻿痹,1
﻿[,3
﻿],3
﻿酝,1
﻿鮹,1
﻿筚,1
﻿脮,1
﻿蚱,3
﻿蜣,2
﻿滟,2
﻿骼,1
﻿喛,6
﻿跶,5
﻿亁,1
﻿嬬,1
﻿廂,1
﻿刴,2
﻿滕,6
﻿郴,3
﻿蛐,12
﻿岊,2
﻿舶,1
﻿籴,2
﻿汀,7
﻿雩,2
﻿舣,1
﻿啮,2
﻿杲,1
﻿镋,1
﻿啪,3
﻿颚,2
﻿騃,1
﻿蜮,4
﻿谰,1
﻿荚,2
﻿樯,5
﻿嗗,2
﻿敫,24
﻿珂,4
﻿蟊,1
﻿繫,1
﻿燐,2
﻿烺,2
﻿炤,2
﻿戆,3
﻿媭,5
﻿揈,13
﻿阡,1
﻿籽,2
﻿蹓,5
﻿躂,2
﻿铤,2
﻿鉏,12
﻿麑,5
﻿抠,3
﻿忐,1
﻿忑,3
﻿鹗,1
﻿怵,1
﻿汆,2
﻿镮,1
﻿圞,1
﻿癖,2
﻿罾,3
﻿颛,4
﻿瞍,3
﻿屑,1
﻿锞,1
﻿隨,1
﻿淇,3
﻿釀,1
﻿绐,1
﻿綠,1
﻿彗,4
﻿嫘,1
﻿惬,3
﻿巘,1
﻿轘,1
﻿柝,2
﻿蕖,1
﻿秾,1
﻿宓,2
﻿沚,1
﻿凫,1
﻿琚,1
﻿竦,2
﻿俜,1
﻿闼,1
﻿扺,1
﻿侈,1
﻿梱,1
﻿欤,1
﻿婀,1
﻿鑰,1
﻿轶,1
﻿稣,1
﻿崭,4
﻿蕙,78
﻿琖,1
﻿庾,2
﻿柘,1
﻿钊,4
﻿箔,2
﻿袴,2
﻿幙,2
﻿荔,6
﻿祜,3
﻿翙,1
﻿捍,2
﻿啣,1
﻿孬,3
﻿兙,1
﻿踼,1
﻿啍,3
﻿釆,1
﻿麃,1
﻿螽,1
﻿狯,3
﻿谧,1
﻿镕,1
﻿芰,1
﻿诙,1
﻿唁,2
﻿蛱,1
﻿噘,1
﻿璘,2
﻿塾,1
﻿螓,1
﻿鹫,4
﻿褵,1
﻿埙,1
﻿浥,1
﻿湎,2
﻿绔,5
﻿诼,1
﻿珏,1
﻿瘳,1
﻿萼,2
﻿殍,2
﻿讣,2
﻿囔,2
﻿鹔,3
﻿鹴,3
﻿龖,1
﻿笮,1
﻿墁,1
﻿缡,2
﻿噏,1
﻿鎯,1
﻿钯,1
﻿蠖,2
﻿铓,1
﻿蟭,1
﻿蜩,1
﻿睥,1
﻿牖,1
﻿憝,1
﻿橔,1
﻿铗,1
﻿鶗,1
﻿鴂,1
﻿跂,1
﻿腴,2
﻿攫,1
﻿邰,1
﻿羯,2
﻿酪,1
﻿裯,1
﻿蘖,1
﻿阗,1
﻿悛,1
﻿镩,1
﻿袵,1
﻿嚒,1
﻿缄,6
﻿慥,3
﻿秒,1
﻿硾,2
﻿咩,2
﻿咹,1
﻿瑊,1
﻿禫,1
﻿圹,2
﻿灸,1
﻿葆,1
﻿淆,1
﻿褫,1
﻿勖,1
﻿郾,2
﻿喋,1
﻿隗,1
﻿轺,1
﻿毽,1
﻿嬢,1
﻿滇,1
﻿懑,2
﻿銛,1
﻿闰,1
﻿吔,3
﻿骐,1
﻿駬,1
﻿橙,1
﻿揄,1
﻿脔,1
﻿唪,1
﻿膆,1
﻿豌,1
﻿璜,2
﻿玮,7
﻿褐,3
﻿睐,1
﻿嗵,4
﻿棏,1
﻿漩,9
﻿湍,1
﻿膜,1
﻿酢,1
﻿堰,1
﻿剏,1
﻿猱,1
﻿傒,1
﻿吖,30
﻿蹅,1
﻿扢,1
﻿鞓,1
﻿爁,1
﻿钐,1
﻿靿,1
﻿挝,2
﻿跐,2
﻿弋,1
﻿阋,1
﻿楦,4
﻿粼,2
﻿罘,1
﻿扆,1
﻿餚,1
﻿闍,1
﻿醴,1
﻿軃,1
﻿窣,1
﻿噷,1
﻿眯,1
﻿睎,1
﻿咍,2
﻿玕,1
﻿臙,1
﻿筯,1
﻿蕤,2
﻿踟,1
﻿欹,3
﻿蛩,1
﻿雊,1
﻿谠,1
﻿偢,1
﻿甍,1
﻿夯,1
﻿噶,1
﻿遌,1
﻿趷,1
﻿鬣,1
﻿枳,1
﻿炰,1
﻿璩,1
﻿亸,3
﻿黫,3
﻿謩,1
﻿泠,2
﻿剨,2
﻿旝,2
﻿吥,1
﻿呾,2
﻿枒,1
﻿艖,1
﻿坼,1
﻿玎,1
﻿絏,1
﻿許,1
﻿悭,2
﻿锷,1
﻿炽,2
﻿讎,1
﻿簒,1
﻿搵,1
﻿燉,1
﻿瓠,1
﻿嗖,2
﻿奘,2
﻿踅,1
﻿淖,7
﻿箝,1
﻿莒,1
﻿鸹,2
﻿堞,2
﻿霰,1
﻿钎,1
﻿圧,1
﻿煦,1
﻿淩,1
﻿蔚,2
﻿缅,1
﻿妳,2
﻿蹴,1
﻿蹻,1
﻿8,6
﻿9,7
﻿棣,1
﻿0,6
﻿舫,5
﻿蘑,1
﻿菇,1
﻿讖,1
﻿聵,1
﻿鲠,3
﻿濒,1
﻿靼,1
﻿S,1
﻿C,2
﻿I,5
﻿"
",4
﻿T,1
﻿=,3
﻿。,1
﻿c,3
﻿F,2
﻿P,1
﻿g,4
﻿m,1
﻿G,1
﻿D,1
﻿v,2
﻿y,1
﻿x,2
