井,14
﻿遇,48
﻿奶,15
﻿公,387
﻿走,172
﻿吓,1048
﻿相,591
﻿请,551
﻿别,150
﻿却,99
﻿严,38
﻿亲,239
﻿就,333
﻿远,90
﻿行,299
﻿萧,46
﻿条,32
﻿李,97
﻿一,1542
﻿身,277
﻿轻,95
﻿遥,52
﻿观,84
﻿客,66
﻿路,127
﻿三,272
﻿千,185
﻿里,619
﻿愿,104
﻿逐,22
﻿长,158
﻿风,377
﻿达,22
﻿九,60
﻿卿,58
﻿小,779
﻿生,696
﻿徐,7
﻿继,9
﻿祖,16
﻿年,267
﻿方,153
﻿弱,11
﻿冠,25
﻿志,32
﻿在,814
﻿青,126
﻿雲,215
﻿今,469
﻿科,21
﻿忝,5
﻿中,403
﻿乡,64
﻿魁,18
﻿上,630
﻿京,30
﻿应,80
﻿试,40
﻿有,1213
﻿前,303
﻿面,155
﻿是,1900
﻿什,209
﻿么,542
﻿地,182
﻿涿,1
﻿州,45
﻿如,523
﻿此,703
﻿趱,17
﻿去,912
﻿辞,37
﻿挟,4
﻿策,15
﻿赴,34
﻿皇,73
﻿尘,50
﻿无,488
﻿分,201
﻿宵,74
﻿昼,15
﻿瞻,11
﻿黯,8
﻿慢,67
﻿马,171
﻿悠,32
﻿不,2074
﻿遨,4
﻿遊,42
﻿多,308
﻿只,488
﻿为,498
﻿利,23
﻿和,209
﻿名,146
﻿争,36
﻿驰,13
﻿骤,9
﻿嘚,11
﻿来,1601
﻿苦,114
﻿破,59
﻿壁,27
﻿颓,10
﻿垣,10
﻿吹,42
﻿透,21
﻿这,862
﻿难,308
﻿禁,55
﻿受,92
﻿老,487
﻿张,111
﻿氏,40
﻿自,356
﻿從,155
﻿两,224
﻿𠒇,13
﻿後,156
﻿家,538
﻿道,377
﻿艰,8
﻿虽,54
﻿蒙,57
﻿高,140
﻿大,438
﻿人,1608
﻿周,75
﻿济,28
﻿但,93
﻿操,15
﻿作,125
﻿做,304
﻿日,517
﻿厨,3
﻿乏,11
﻿水,148
﻿免,144
﻿到,509
﻿村,16
﻿汲,3
﻿些,201
﻿用,70
﻿度,67
﻿我,1774
﻿想,280
﻿臼,1
﻿妇,67
﻿常,75
﻿事,308
﻿许,79
﻿纪,15
﻿尚,64
﻿辛,22
﻿勤,21
﻿劳,65
﻿𠮾,56
﻿呀,646
﻿抱,42
﻿瓮,2
﻿泪,138
﻿先,153
﻿流,92
﻿频,14
﻿往,101
﻿街,21
﻿头,283
﻿出,305
﻿乖,9
﻿露,50
﻿丑,26
﻿谁,207
﻿知,353
﻿穷,28
﻿愁,163
﻿影,109
﻿觉,55
﻿心,461
﻿疚,2
﻿迢,34
﻿景,56
﻿值,21
﻿深,118
﻿秋,96
﻿看,536
﻿岸,15
﻿疏,18
﻿林,47
﻿派,11
﻿寒,86
﻿见,461
﻿迷,33
﻿古,61
﻿荒,50
﻿邱,8
﻿似,245
﻿咱,110
﻿笑,112
﻿语,66
﻿由,55
﻿昨,38
﻿宿,33
﻿旅,13
﻿馆,24
﻿凄,61
﻿凉,37
﻿怎,427
﻿能,137
﻿彀,12
﻿都,138
﻿卸,6
﻿征,20
﻿裘,7
﻿真,152
﻿个,584
﻿万,249
﻿缕,11
﻿闲,116
﻿总,29
﻿那,853
﻿滚,18
﻿沙,23
﻿教,215
﻿𣨼,5
﻿双,127
﻿眸,6
﻿取,131
﻿次,24
﻿右,18
﻿遮,21
﻿满,79
﻿羞,58
﻿叹,55
﻿伶,13
﻿仃,6
﻿孤,83
﻿搭,22
﻿救,57
﻿衰,18
﻿遭,49
﻿僝,2
﻿僽,2
﻿天,592
﻿若,197
﻿瘦,27
﻿落,148
﻿得,894
﻿湿,19
﻿衫,17
﻿襟,8
﻿袖,36
﻿段,19
﻿情,333
﻿对,103
﻿着,156
﻿剖,11
﻿俺,373
﻿待,364
﻿要,507
﻿歩,1
﻿霄,24
﻿气,131
﻿正,184
﻿遒,1
﻿了,1497
﻿冒,10
﻿霜,24
﻿眉,54
﻿皱,2
﻿望,151
﻿安,125
﻿修,28
﻿渴,19
﻿咽,27
﻿喉,10
﻿口,94
﻿甚,154
﻿邉,7
﻿位,136
﻿妈,82
﻿彼,21
﻿你,1266
﻿带,86
﻿住,131
﻿借,41
﻿解,62
﻿拜,153
﻿揖,33
﻿官,268
﻿何,598
﻿与,338
﻿又,272
﻿妨,50
﻿谢,100
﻿的,1022
﻿厐,6
﻿好,724
﻿孩,55
﻿模,29
﻿様,5
﻿奇,45
﻿怪,65
﻿悲,65
﻿起,273
﻿蓦,18
﻿费,24
﻿追,33
﻿求,58
﻿般,86
﻿厮,46
﻿像,48
﻿莫,97
﻿冤,42
﻿雠,11
﻿将,364
﻿他,855
﻿叩,39
﻿珠,54
﻿且,189
﻿暂,54
﻿收,69
﻿須,98
﻿说,552
﻿也,732
﻿没,210
﻿您,12
﻿明,204
﻿白,114
﻿或,10
﻿者,99
﻿可,460
﻿忧,18
﻿嫌,13
﻿絮,23
﻿烦,58
﻿舍,42
﻿下,592
﻿告,71
﻿踪,29
﻿未,180
﻿债,12
﻿几,192
﻿时,314
﻿休,146
﻿进,138
﻿放,123
﻿桶,12
﻿系,26
﻿士,70
﻿第,50
﻿嗄,62
﻿原,144
﻿𦾔,1
﻿福,62
﻿问,213
﻿姓,70
﻿苏,69
﻿令,113
﻿郎,162
﻿豚,4
﻿犬,11
﻿唤,68
﻿雨,111
﻿理,92
﻿初,55
﻿登,48
﻿任,57
﻿兰,34
﻿谿,1
﻿县,13
﻿夫,416
﻿啊,15
﻿失,36
﻿敬,32
﻿岂,80
﻿敢,180
﻿坐,147
﻿把,357
﻿椅,1
﻿言,175
﻿之,494
﻿怜,69
﻿杳,15
﻿音,94
﻿信,70
﻿寻,104
﻿访,22
﻿料,42
﻿兄,63
﻿嫂,10
﻿竟,60
﻿痛,63
﻿而,112
﻿亡,45
﻿死,174
﻿咳,137
﻿至,59
﻿十,178
﻿八,66
﻿消,90
﻿息,53
﻿江,112
﻿盗,27
﻿太,130
﻿倚,22
﻿靠,18
﻿奈,53
﻿戚,37
﻿因,128
﻿守,77
﻿所,113
﻿茅,11
﻿屋,8
﻿每,22
﻿呵,128
﻿灵,48
﻿撇,22
﻿茕,2
﻿楚,51
﻿囚,9
﻿处,210
﻿投,42
﻿必,89
﻿恼,56
﻿功,57
﻿成,219
﻿便,267
﻿接,43
﻿养,43
﻿暮,37
﻿意,193
﻿索,35
﻿差,83
﻿觅,31
﻿倘,36
﻿报,108
﻿盛,25
﻿恐,58
﻿富,34
﻿贵,76
﻿还,249
﻿念,80
﻿及,39
﻿话,165
﻿假,42
﻿铁,37
﻿石,56
﻿聼,16
﻿柔,16
﻿𡩖,1
﻿怀,57
﻿宁,14
﻿耐,24
﻿重,165
﻿翻,46
﻿厚,11
﻿当,214
﻿罗,62
﻿疋,2
﻿男,27
﻿女,248
﻿各,40
﻿件,19
﻿媳,15
﻿穿,39
﻿被,129
﻿灯,70
﻿煤,2
﻿烧,44
﻿坏,25
﻿怕,171
﻿吉,15
﻿留,82
﻿付,39
﻿认,59
﻿快,105
﻿命,145
﻿感,47
﻿君,181
﻿呦,1
﻿忽,40
﻿伊,50
﻿衣,96
﻿类,7
﻿司,32
﻿偶,30
﻿逢,73
﻿优,2
﻿兜,9
﻿恤,1
﻿贫,30
﻿肠,65
﻿欲,87
﻿抽,5
﻿筹,12
﻿春,271
﻿闱,16
﻿手,106
﻿管,102
﻿逍,4
﻿夀,6
﻿才,168
﻿约,42
﻿略,20
﻿候,57
﻿色,115
﻿已,183
﻿晚,61
﻿霎,32
﻿款,13
﻿逗,15
﻿早,182
﻿忘,50
﻿忙,59
﻿程,52
﻿途,26
﻿疾,17
﻿店,10
﻿弃,25
﻿草,66
﻿榻,14
﻿打,200
﻿搅,14
﻿蓬,21
﻿幸,81
﻿勿,179
﻿卑,19
﻿陋,4
﻿稀,10
﻿遘,2
﻿鸡,20
﻿黍,2
﻿全,77
﻿礼,90
﻿週,4
﻿尔,22
﻿番,65
﻿空,133
﻿胜,35
﻿银,79
﻿缸,1
﻿照,51
﻿犹,47
﻿梦,235
﻿喂,11
﻿晓,112
﻿仇,15
﻿雪,41
﻿猎,1
﻿亦,49
﻿惟,63
﻿哥,126
﻿歹,7
﻿恶,46
﻿靣,18
﻿皮,20
﻿罚,15
﻿奴,173
﻿挨,40
﻿磨,25
﻿麦,2
﻿挑,27
﻿夜,192
﻿湾,4
﻿倦,23
﻿睡,85
﻿刻,34
﻿迟,36
﻿乱,62
﻿棒,12
﻿顾,19
﻿体,45
﻿连,56
﻿朝,216
﻿惮,5
﻿﨑,1
﻿岖,2
﻿尽,118
﻿山,303
﻿并,57
﻿擒,14
﻿鹰,6
﻿驾,58
﻿飞,118
﻿赶,32
﻿兔,18
﻿儿,694
﻿启,41
﻿衙,36
﻿内,107
﻿：,162
﻿边,152
﻿藏,32
﻿过,237
﻿曾,166
﻿圣,93
﻿赐,48
﻿金,244
﻿𫔇,2
﻿御,49
﻿箭,17
﻿赏,62
﻿罢,286
﻿嘴,24
﻿随,92
﻿屏,17
﻿骨,50
﻿格,214
﻿存,29
﻿跣,1
﻿足,47
﻿细,105
﻿讲,66
﻿吖,250
﻿鞋,13
﻿绣,54
﻿卖,70
﻿哫,8
﻿贞,25
﻿洁,9
﻿肯,64
﻿凌,18
﻿辱,12
﻿忒,26
﻿毒,9
﻿害,51
﻿父,141
﻿母,90
﻿丧,20
﻿六,48
﻿载,38
﻿丈,99
﻿东,129
﻿床,27
﻿入,125
﻿门,308
﻿按,24
﻿抚,6
﻿军,135
﻿会,151
﻿武,50
﻿艺,6
﻿皆,26
﻿叫,175
﻿字,66
﻿嫁,16
﻿刘,32
﻿智,15
﻿泼,12
﻿乔,15
﻿子,715
﻿𥚃,1
﻿火,87
﻿工,38
﻿窦,4
﻿送,105
﻿爹,157
﻿寨,4
﻿乳,21
﻿花,536
﻿蛇,3
﻿腹,15
﻿娘,586
﻿异,24
﻿配,29
﻿鸾,58
﻿凰,10
﻿经,69
﻿咬,4
﻿脐,2
﻿非,152
﻿乃,102
﻿既,57
﻿邠,1
﻿谅,10
﻿帐,30
﻿回,217
﻿禀,13
﻿查,9
﻿妻,109
﻿完,40
﻿聚,7
﻿团,31
﻿圆,37
﻿恩,145
﻿仝,15
﻿再,210
﻿造,28
﻿容,92
﻿哟,71
﻿诉,38
﻿逼,19
﻿离,108
﻿间,146
﻿零,27
﻿恨,143
﻿薄,34
﻿兼,12
﻿民,25
﻿则,148
﻿月,282
﻿少,154
﻿半,110
﻿旬,4
﻿转,128
﻿枯,11
﻿木,29
﻿王,203
﻿旺,16
﻿亇,152
﻿臭,14
﻿哉,247
﻿咦,58
﻿㕶,150
﻿倒,113
﻿拉,131
﻿奢,29
﻿断,106
﻿筋,10
﻿拿,75
﻿阿,508
﻿田,26
﻿脸,23
﻿该,35
﻿胡,46
﻿沛,3
﻿陀,15
﻿角,15
﻿琉,5
﻿璃,5
﻿黄,95
﻿昏,53
﻿城,65
﻿隠,4
﻿鐘,31
﻿声,227
﻿隔,42
﻿闻,77
﻿渔,31
﻿翁,11
﻿钓,7
﻿归,117
﻿牧,12
﻿童,11
﻿指,46
﻿杏,11
﻿奔,23
﻿数,69
﻿更,83
﻿听,227
﻿残,65
﻿漏,34
﻿逃,37
﻿秦,41
﻿寇,17
﻿哈,185
﻿国,115
﻿答,52
﻿目,44
﻿低,32
﻿锁,26
﻿衡,6
﻿阳,129
﻿鱼,38
﻿书,199
﻿雁,37
﻿慿,1
﻿赋,11
﻿首,97
﻿西,141
﻿斜,31
﻿涯,22
﻿弹,34
﻿伤,106
﻿冲,23
﻿忿,4
﻿怒,26
﻿拔,6
﻿剣,1
﻿杀,113
﻿奸,33
﻿佞,6
﻿二,148
﻿贼,89
﻿柴,7
﻿赠,8
﻿封,47
﻿荐,4
﻿梁,32
﻿黑,17
﻿恰,44
﻿纔,86
﻿星,58
﻿朗,12
﻿雾,21
﻿暗,65
﻿险,9
﻿洞,48
﻿庄,8
﻿急,70
﻿步,75
﻿庙,34
﻿光,115
﻿匾,2
﻿额,1
﻿庵,20
﻿掩,29
﻿神,155
﻿保,58
﻿佑,9
﻿弟,82
﻿唔,4
﻿喜,125
﻿四,92
﻿闭,31
﻿灾,14
﻿兵,73
﻿定,102
﻿宇,11
﻿塑,5
﻿困,36
﻿案,9
﻿片,66
﻿醒,55
﻿开,201
﻿穏,3
﻿魂,103
﻿台,112
﻿撒,6
﻿龙,85
﻿泉,32
﻿血,47
﻿洒,41
﻿袍,14
﻿专,11
﻿浒,1
﻿忠,63
﻿孝,42
﻿良,61
﻿户,20
﻿敲,30
﻿闗,10
﻿郊,14
﻿惊,86
﻿唬,19
﻿魄,15
﻿散,54
﻿红,215
﻿误,21
﻿五,67
﻿陵,34
﻿土,21
﻿节,61
﻿侯,24
﻿班,24
﻿超,20
﻿叛,4
﻿巾,13
﻿背,31
﻿主,170
﻿巢,10
﻿脱,32
﻿扣,12
﻿苍,40
﻿笼,16
﻿狡,5
﻿折,37
﻿网,14
﻿腾,24
﻿蛟,4
﻿诛,14
﻿卯,1
﻿掌,27
﻿刑,18
﻿法,70
﻿皋,4
﻿陶,3
﻿鬓,18
﻿髪,2
﻿博,10
﻿斗,19
﻿俅,2
﻿恁,131
﻿海,84
﻿沸,6
﻿摇,48
﻿凶,11
﻿汗,10
﻿津,13
﻿汤,23
﻿浇,2
﻿煎,21
﻿焼,3
﻿幼,23
﻿室,23
﻿萱,11
﻿劬,1
﻿号,31
﻿英,37
﻿雄,23
﻿揣,10
﻿刃,6
﻿刀,45
﻿哭,51
﻿啕,2
﻿羊,26
﻿够,6
﻿惨,30
﻿罩,6
﻿剌,3
﻿振,6
﻿虎,33
﻿啸,1
﻿绕,32
﻿溪,19
﻿涧,3
﻿哀,22
﻿猿,10
﻿飘,59
﻿胆,19
﻿百,92
﻿乌,32
﻿鸦,17
﻿阵,42
﻿松,32
﻿梢,15
﻿樵,5
﻿伴,36
﻿寂,24
﻿寥,11
﻿帏,15
﻿抵,12
﻿性,50
﻿挣,9
﻿誓,26
﻿臣,149
﻿扫,30
﻿评,32
﻿绿,48
﻿柳,145
﻿绵,17
﻿锦,48
﻿韶,14
﻿华,79
﻿贱,42
﻿赵,48
﻿劝,38
﻿阻,12
﻿谏,8
﻿枉,29
﻿院,56
﻿咫,8
﻿尺,32
﻿终,55
﻿服,39
﻿侍,51
﻿紫,44
﻿绯,5
﻿朱,37
﻿宜,17
﻿跳,28
﻿园,72
﻿叔,45
﻿等,132
﻿磕,8
﻿呼,38
﻿吩,19
﻿咐,22
﻿爷,279
﻿幹,24
﻿样,122
﻿唇,14
﻿顶,21
﻿尀,10
﻿农,9
﻿们,204
﻿欺,14
﻿栋,7
﻿材,6
﻿盾,3
﻿趋,9
﻿叟,2
﻿酌,3
﻿酒,255
﻿挂,37
﻿平,89
﻿宴,52
﻿乐,63
﻿除,43
﻿干,40
﻿醉,78
﻿斟,12
﻿杯,58
﻿香,334
﻿醪,6
﻿酝,1
﻿美,82
﻿拼,17
﻿畅,11
﻿饮,46
﻿共,40
﻿同,125
﻿恋,28
﻿欢,79
﻿鬥,11
﻿贤,73
﻿德,31
﻿比,43
﻿诤,3
﻿直,72
﻿激,11
﻿嗗,7
﻿…,40
﻿撤,6
﻿以,126
﻿闷,42
﻿活,60
﻿笃,43
﻿呢,91
﻿动,111
﻿紧,61
﻿痧,1
﻿胀,1
﻿俚,53
﻿凭,40
﻿寸,14
﻿斓,3
﻿斑,9
﻿舌,9
﻿煞,30
﻿堂,105
﻿向,153
﻿外,109
﻿府,53
﻿革,36
﻿粮,4
﻿餬,1
﻿故,82
﻿给,4
﻿牢,21
﻿秤,2
﻿钩,14
﻿钉,1
﻿扯,17
﻿饶,41
﻿世,106
﻿胎,6
﻿尴,1
﻿尬,2
﻿桌,9
﻿摆,43
﻿端,69
﻿底,42
﻿呔,23
﻿砍,10
﻿己,31
﻿南,108
﻿元,81
﻿延,24
﻿寿,21
﻿厄,2
﻿诵,4
﻿卷,36
﻿退,22
﻿弄,57
﻿计,38
﻿肚,9
﻿于,93
﻿移,23
﻿调,38
﻿块,10
﻿谓,11
﻿瞌,3
﻿扇,61
﻿㕭,24
﻿摸,9
﻿蛮,5
﻿毡,5
﻿单,39
﻿屎,2
﻿清,162
﻿晨,11
﻿炷,2
﻿禾,3
﻿熟,16
﻿社,14
﻿稷,14
﻿逆,18
﻿静,24
﻿戈,11
﻿传,84
﻿纣,2
﻿宠,24
﻿妲,1
﻿姬,13
﻿炮,5
﻿烙,2
﻿虿,2
﻿盆,13
﻿其,88
﻿姜,1
﻿牙,25
﻿帅,14
﻿兴,70
﻿师,165
﻿伐,10
﻿崩,5
﻿宫,188
﻿岁,139
﻿束,8
﻿诸,25
﻿纲,6
﻿朕,35
﻿冢,8
﻿宰,14
﻿宝,67
﻿剑,25
﻿临,70
﻿饭,19
﻿吐,24
﻿哺,2
﻿沐,9
﻿握,3
﻿髮,21
﻿众,55
﻿允,14
﻿曰,7
﻿嫉,5
﻿妒,12
﻿顿,25
﻿缘,100
﻿权,49
﻿独,70
﻿谋,12
﻿攒,4
﻿刺,15
﻿布,15
﻿柄,5
﻿集,10
﻿谣,4
﻿反,51
﻿俱,19
﻿隐,30
﻿居,36
﻿庭,45
﻿宣,21
﻿遍,42
﻿插,17
﻿旌,13
﻿旗,21
﻿孟,3
﻿即,42
﻿聨,2
﻿具,4
﻿表,29
﻿奏,50
﻿复,23
﻿仍,9
﻿演,7
﻿整,36
﻿闪,32
﻿画,144
﻿鼓,50
﻿咚,2
﻿枪,13
﻿密,22
﻿戟,3
﻿层,16
﻿精,30
﻿抖,3
﻿搜,8
﻿探,9
﻿近,59
﻿虚,44
﻿实,55
﻿哨,2
﻿左,19
﻿队,12
﻿豹,21
﻿熊,3
﻿阁,30
﻿震,19
﻿霞,39
﻿积,16
﻿堆,18
﻿野,34
﻿桑,11
﻿刁,1
﻿新,139
﻿倾,30
﻿壶,23
﻿浆,9
﻿狼,22
﻿拥,23
﻿潮,9
﻿呷,11
﻿蓝,18
﻿校,1
﻿营,7
﻿盘,24
﻿嘡,3
﻿锣,3
﻿旷,6
﻿抬,21
﻿扳,4
﻿鞍,15
﻿骑,26
﻿执,22
﻿七,26
﻿池,33
﻿献,12
﻿齑,1
﻿粉,48
﻿悔,15
﻿漫,31
﻿坠,9
﻿茫,22
﻿伍,11
﻿纷,29
﻿纭,1
﻿扑,13
﻿通,66
﻿擂,6
﻿交,54
﻿加,21
﻿𠹇,1
﻿铺,11
﻿吊,15
﻿桥,49
﻿簇,18
﻿喝,21
﻿哆,22
﻿猖,6
﻿狂,19
﻿骂,34
﻿觑,33
﻿芥,2
﻿战,30
﻿场,45
﻿胸,11
﻿提,54
﻿使,81
﻿摩,7
﻿盖,14
﻿叱,3
﻿脚,33
﻿罪,26
﻿瑞,10
﻿腔,9
﻿喇,12
﻿喑,12
﻿齐,74
﻿呐,6
﻿喊,5
﻿锋,10
﻿盔,3
﻿缠,18
﻿腰,25
﻿钢,4
﻿迎,37
﻿冷,85
﻿爬,5
﻿称,35
﻿豪,32
﻿杰,8
﻿论,25
﻿败,18
﻿吸,3
﻿标,24
﻿合,79
﻿渐,28
﻿愰,1
﻿傍,37
﻿伸,10
﻿狻,1
﻿猊,7
﻿爪,4
﻿勒,28
﻿甲,12
﻿绦,2
﻿伯,33
﻿绑,6
﻿㫖,38
﻿夺,11
﻿斩,16
﻿示,9
﻿戮,4
﻿永,33
﻿享,19
﻿廷,17
﻿爵,11
﻿禄,34
﻿较,10
﻿排,34
﻿显,21
﻿扬,22
﻿遵,4
﻿孔,18
﻿律,25
﻿怯,24
﻿力,58
﻿句,37
﻿懂,8
﻿妾,62
﻿讨,23
﻿發,47
﻿尉,11
﻿捆,2
﻿哎,29
﻿挺,6
﻿撞,17
﻿歪,5
﻿责,5
﻿帖,10
﻿稿,6
﻿屠,6
﻿裣,1
﻿衽,2
﻿线,23
﻿朋,11
﻿友,23
﻿规,10
﻿矩,6
﻿钱,50
﻿财,12
﻿粪,3
﻿替,27
﻿屁,12
﻿股,11
﻿唱,52
﻿隻,34
﻿词,41
﻿特,44
﻿错,29
﻿眼,132
﻿荡,18
﻿笠,3
﻿芒,2
﻿装,22
﻿环,27
﻿轩,14
﻿昂,9
﻿骓,2
﻿矛,3
﻿奉,88
﻿著,247
﻿领,84
﻿芦,6
﻿瑜,9
﻿夏,15
﻿赤,17
﻿睁,11
﻿鬚,9
﻿抓,10
﻿匹,13
﻿劣,4
﻿越,36
﻿岭,19
﻿邳,1
﻿纸,32
﻿嚣,2
﻿关,63
﻿墙,36
﻿矮,1
﻿威,34
﻿吕,8
﻿释,3
﻿颜,40
﻿雅,26
﻿量,36
﻿廯,1
﻿疥,1
﻿鲁,12
﻿肃,3
﻿虾,3
﻿蟆,1
﻿垓,4
﻿滴,40
﻿溜,17
﻿捽,1
﻿唏,5
﻿淹,11
﻿擅,13
﻿映,28
﻿偷,32
﻿睛,9
﻿抹,14
﻿吱,3
﻿碎,28
﻿鹤,24
﻿楼,141
﻿揪,3
﻿铜,23
﻿铠,4
﻿玉,220
﻿菱,5
﻿缨,1
﻿鞭,16
﻿麻,11
﻿喧,21
﻿哗,7
﻿沉,55
﻿卧,12
﻿挷,1
﻿狗,54
﻿亮,8
﻿罕,5
﻿鏖,1
﻿摔,1
﻿冕,2
﻿垂,38
﻿河,56
﻿统,9
﻿唐,25
﻿芳,51
﻿升,29
﻿温,24
﻿羡,23
﻿仙,172
﻿树,55
﻿晖,3
﻿违,18
﻿歌,77
﻿政,6
﻿舞,33
﻿隆,7
﻿基,11
﻿潜,17
﻿邸,3
﻿纉,1
﻿图,48
﻿委,12
﻿姚,5
﻿宋,10
﻿扵,22
﻿列,46
﻿韩,19
﻿省,22
﻿闼,1
﻿塞,12
﻿粟,5
﻿致,34
﻿治,10
﻿庶,4
﻿措,2
﻿减,8
﻿汉,69
﻿文,106
﻿机,35
﻿务,8
﻿馀,29
﻿寄,51
﻿杨,66
﻿丰,18
﻿姿,18
﻿秀,49
﻿丽,41
﻿卜,8
﻿兹,3
﻿册,6
﻿妃,95
﻿旨,58
﻿浴,3
﻿伏,47
﻿引,52
﻿帽,8
﻿沾,11
﻿惹,31
﻿炉,17
﻿婢,39
﻿殿,82
﻿波,53
﻿降,37
﻿妆,53
﻿彩,28
﻿仗,21
﻿吾,51
﻿质,10
﻿充,13
﻿选,17
﻿掖,1
﻿陨,2
﻿惧,3
﻿胄,2
﻿备,32
﻿供,31
﻿职,18
﻿惬,3
﻿𠺽,6
﻿寰,3
﻿区,6
﻿徵,1
﻿窈,2
﻿窕,3
﻿堪,45
﻿嫔,2
﻿嫱,1
﻿佳,80
﻿绝,58
﻿思,147
﻿瑶,38
﻿褒,2
﻿黛,9
﻿甘,29
﻿让,25
﻿久,56
﻿奖,4
﻿沈,20
﻿吟,26
﻿晌,11
﻿庸,4
﻿陪,31
﻿椒,7
﻿房,91
﻿承,59
﻿判,31
﻿仿,2
﻿冯,3
﻿嫟,1
﻿辇,4
﻿持,26
﻿彤,2
﻿阶,18
﻿玩,24
﻿镫,6
﻿娇,74
﻿偎,7
﻿状,40
﻿夕,40
﻿娱,14
﻿髙,36
﻿翠,83
﻿障,10
﻿琼,24
﻿搴,1
﻿幌,1
﻿扶,56
﻿避,40
﻿烛,30
﻿窗,45
﻿绮,6
﻿䖏,17
﻿含,31
﻿颦,10
﻿眀,30
﻿偕,3
﻿盟,28
﻿始,17
﻿携,16
﻿钗,60
﻿钿,22
﻿盒,32
﻿护,26
﻿懐,6
﻿珍,12
﻿擎,8
﻿助,13
﻿裹,8
﻿纨,6
﻿翅,8
﻿结,43
﻿予,2
﻿漙,1
﻿凤,84
﻿翥,1
﻿蟠,7
﻿爱,76
﻿旖,2
﻿旎,2
﻿𪢮,3
﻿坚,17
﻿胧,9
﻿枝,54
﻿泽,6
﻿斯,7
﻿壮,14
﻿磊,1
﻿防,25
﻿乾,43
﻿坤,8
﻿囘,61
﻿郭,9
﻿仪,21
﻿本,52
﻿贯,7
﻿郑,12
﻿学,48
﻿韬,4
﻿纶,1
﻿立,63
﻿桩,14
﻿邦,17
﻿业,18
﻿举,18
﻿谒,3
﻿窃,10
﻿滥,1
﻿膺,4
﻿眷,28
﻿座,43
﻿杞,1
﻿燕,55
﻿堤,12
﻿柙,1
﻿樊,3
﻿纵,29
﻿横,17
﻿鼠,1
﻿狐,4
﻿价,21
﻿鸣,21
﻿乘,31
﻿勋,8
﻿宙,1
﻿寓,6
﻿聊,21
﻿市,12
﻿买,28
﻿遣,39
﻿骚,5
﻿宽,5
﻿闹,37
﻿侣,8
﻿怅,5
﻿射,9
﻿赊,4
﻿热,27
﻿凡,30
﻿孙,40
﻿员,19
﻿仕,2
﻿吃,128
﻿寡,40
﻿包,11
﻿哙,31
﻿伙,10
﻿隅,2
﻿帘,37
﻿沽,3
﻿妙,89
﻿敞,2
﻿梨,13
﻿竹,32
﻿叶,29
﻿绍,1
﻿邮,1
﻿汾,2
﻿汴,1
﻿惠,8
﻿药,21
﻿种,43
﻿婆,43
﻿酢,1
﻿酸,8
﻿味,10
﻿拣,6
﻿瞧,14
﻿莽,8
﻿灌,1
﻿谜,12
﻿飮,5
﻿粗,3
﻿撑,11
﻿偢,2
﻿睬,8
﻿鄕,5
﻿偏,67
﻿徒,25
﻿吿,5
﻿舅,12
﻿丞,13
﻿虢,1
﻿赛,6
﻿拆,14
﻿毁,4
﻿厅,1
﻿钞,4
﻿物,40
﻿庆,25
﻿贺,18
﻿私,10
﻿僭,2
﻿竞,2
﻿夸,13
﻿附,7
﻿舆,5
﻿甍,2
﻿碧,49
﻿瓦,10
﻿膏,6
﻿涂,14
﻿懑,1
﻿涌,6
﻿函,5
﻿鬼,61
﻿𤨔,5
﻿诗,61
﻿读,34
﻿详,16
﻿祯,1
﻿符,3
﻿题,35
﻿遐,3
﻿识,40
﻿术,4
﻿谶,2
﻿猜,39
﻿杜,61
﻿笔,33
﻿郡,24
﻿遽,2
﻿𠲔,41
﻿杂,4
﻿蜂,12
﻿豺,5
﻿例,7
﻿逞,9
﻿妖,24
﻿嗳,56
﻿飕,10
﻿竖,6
﻿烘,4
﻿夯,1
﻿脯,2
﻿咭,1
﻿盏,19
﻿担,10
﻿遻,1
﻿凑,7
﻿趷,1
﻿𨃚,1
﻿蹙,3
﻿兀,26
﻿踌,1
﻿蹰,2
﻿迁,12
﻿部,18
﻿授,15
﻿钦,10
﻿拾,51
﻿效,11
﻿展,23
﻿鬣,1
﻿鳞,4
﻿枳,1
﻿棘,4
﻿拂,8
﻿毛,22
﻿羽,26
﻿奋,5
﻿衢,2
﻿勲,1
﻿氛,3
﻿孽,10
﻿蛊,2
﻿肩,11
﻿制,8
﻿谱,33
﻿榭,5
﻿晶,10
﻿妹,81
﻿歳,5
﻿荷,28
﻿亭,53
﻿曲,78
﻿设,21
﻿素,39
﻿札,1
﻿砚,10
﻿注,12
﻿浮,27
﻿墨,12
﻿阴,54
﻿幽,58
﻿纹,2
﻿参,40
﻿麝,5
﻿珮,13
﻿霓,23
﻿裳,33
﻿记,76
﻿拟,9
﻿销,16
﻿𩰚,1
﻿淡,24
﻿浓,16
﻿镜,26
﻿胭,4
﻿脂,13
﻿颊,3
﻿朵,19
﻿酥,8
﻿旋,10
﻿融,4
﻿截,5
﻿弥,22
﻿梅,132
﻿鸿,10
﻿另,12
﻿推,33
﻿然,185
﻿桂,31
﻿忆,10
﻿宛,14
﻿商,21
﻿伺,17
﻿纱,42
﻿笺,15
﻿犀,12
﻿拏,5
﻿芽,5
﻿微,37
﻿审,12
﻿停,45
﻿化,44
﻿欠,7
﻿匀,1
﻿拍,6
﻿𠁭,1
﻿莺,29
﻿𢗅,4
﻿增,10
﻿蛾,12
﻿换,18
﻿翟,1
﻿径,26
﻿依,73
﻿塘,13
﻿踏,23
﻿耍,22
﻿韵,21
﻿占,15
﻿荧,10
﻿米,8
﻿果,75
﻿娉,7
﻿婷,7
﻿点,114
﻿聪,7
﻿压,18
﻿绡,15
﻿添,36
﻿潇,13
﻿妩,1
﻿媚,11
﻿益,15
﻿袅,24
﻿濯,2
﻿莲,49
﻿陛,34
﻿缺,14
﻿议,19
﻿擢,2
﻿补,19
﻿输,18
﻿适,11
﻿臆,2
﻿创,7
﻿勘,4
﻿亚,5
﻿纤,10
﻿绽,6
﻿毫,6
﻿群,27
﻿娃,7
﻿棃,4
﻿俗,7
﻿仱,1
﻿谙,3
﻿抄,6
﻿龟,6
﻿习,4
﻿郤,1
﻿鸳,40
﻿鸯,25
﻿眠,44
﻿蒂,8
﻿芙,14
﻿蓉,14
﻿昭,16
﻿北,28
﻿闽,1
﻿粤,1
﻿托,24
﻿召,18
﻿戒,10
﻿饬,1
﻿黎,3
﻿软,25
﻿咍,15
﻿衾,25
﻿枕,39
﻿抛,44
﻿掉,8
﻿驻,6
﻿厌,10
﻿偃,3
﻿疲,3
﻿拗,3
﻿嗏,1
﻿脾,2
﻿喳,10
﻿焦,14
﻿𠋣,7
﻿势,30
﻿运,15
﻿啔,2
﻿泄,11
﻿夹,5
﻿幕,12
﻿躲,9
﻿葡,3
﻿萄,3
﻿架,16
﻿娥,43
﻿寐,4
﻿佯,7
﻿兽,4
﻿哪,87
﻿萦,4
﻿病,77
﻿慰,8
﻿牵,31
﻿置,8
﻿瞒,22
﻿悄,34
﻿疴,2
﻿蕙,3
﻿奚,3
﻿虗,3
﻿懒,21
﻿酬,18
﻿返,6
﻿车,37
﻿饱,7
﻿舄,2
﻿寝,16
﻿森,7
﻿渡,19
﻿竿,4
﻿貌,31
﻿窟,4
﻿视,10
﻿恙,6
﻿蝶,23
﻿酣,5
﻿浪,31
﻿颠,18
﻿熬,9
﻿负,48
﻿墀,6
﻿鹄,3
﻿僚,5
﻿勉,7
﻿强,53
﻿旧,85
﻿𥥆,2
﻿哩,27
﻿况,22
﻿裯,2
﻿筲,1
﻿串,4
﻿圈,7
﻿套,9
﻿邀,10
﻿岫,1
﻿招,38
﻿姐,362
﻿触,6
﻿啼,37
﻿痕,10
﻿渗,1
﻿餐,10
﻿限,17
﻿萼,5
﻿怨,53
﻿俯,2
﻿谬,5
﻿诚,19
﻿诼,1
﻿祸,12
﻿测,3
﻿累,20
﻿鲜,8
﻿戾,1
﻿斥,1
﻿善,27
﻿缴,1
﻿睹,11
﻿暖,15
﻿㖸,86
﻿嘿,19
﻿鹊,10
﻿浄,3
﻿烟,71
﻿暝,3
﻿梧,7
﻿桐,7
﻿缀,3
﻿顺,27
﻿篆,7
﻿霭,13
﻿蜘,2
﻿蛛,5
﻿豆,6
﻿飐,2
﻿瓶,9
﻿订,9
﻿祝,11
﻿变,30
﻿畔,19
﻿笙,15
﻿𬞟,2
﻿瓣,5
﻿雕,18
﻿栏,20
﻿喷,8
﻿翩,11
﻿廊,18
﻿蘸,5
﻿捧,9
﻿浅,19
﻿互,2
﻿巨,6
﻿觥,1
﻿孜,12
﻿覆,22
﻿丝,57
﻿板,16
﻿跪,27
﻿觞,8
﻿仔,17
﻿腮,12
﻿亸,5
﻿欹,8
﻿态,13
﻿恹,14
﻿肢,9
﻿腕,2
﻿褪,6
﻿鬟,6
﻿倩,13
﻿搀,1
﻿鼙,3
﻿迳,2
﻿慌,10
﻿潼,3
﻿舒,9
﻿翰,7
﻿陷,6
﻿粲,1
﻿仓,13
﻿猝,1
﻿敌,8
﻿蜀,17
﻿陈,65
﻿稳,21
﻿晏,2
﻿扰,11
﻿冬,12
﻿烽,4
﻿黫,1
﻿碌,10
﻿碜,2
﻿摧,11
﻿飒,3
﻿轮,16
﻿播,3
﻿驱,11
﻿慵,8
﻿惯,7
﻿支,10
﻿铃,10
﻿飏,7
﻿猛,19
﻿巡,11
﻿栈,1
﻿缓,6
﻿辔,2
﻿叠,19
﻿幷,1
﻿响,31
﻿哽,5
﻿嵬,7
﻿尝,10
﻿赍,1
﻿玺,1
﻿卒,9
﻿顷,17
﻿坡,12
﻿填,10
﻿崎,1
﻿埃,3
﻿峨,2
﻿嵋,1
﻿迸,9
﻿厢,30
﻿聒,4
﻿檐,6
﻿铎,1
﻿淅,6
﻿茔,4
﻿瑟,7
﻿际,22
﻿萤,3
﻿冥,10
﻿恸,1
﻿崚,2
﻿嶒,2
﻿罄,3
﻿赢,6
﻿改,27
﻿蘯,1
﻿捐,8
﻿躯,10
﻿敕,10
﻿建,20
﻿匠,3
﻿旃,1
﻿檀,28
﻿昧,8
﻿广,20
﻿翼,4
﻿漾,5
﻿魔,28
﻿促,4
﻿甫,1
﻿驿,7
﻿爆,1
﻿雷,15
﻿围,18
﻿噷,3
﻿施,25
﻿拶,1
﻿催,31
﻿硬,10
﻿谤,6
﻿哄,17
﻿惶,12
﻿形,31
﻿挡,4
﻿犯,36
﻿偿,5
﻿泥,19
﻿巫,30
﻿洛,11
﻿川,15
﻿叙,7
﻿谷,16
﻿贴,9
﻿联,6
﻿镳,1
﻿刚,13
﻿届,2
﻿𦶟,4
﻿旁,13
﻿牛,19
﻿殁,1
﻿怆,7
﻿奠,7
﻿溶,8
﻿酿,2
﻿汝,18
﻿抔,2
﻿埋,24
﻿瀽,1
﻿碗,11
﻿肆,15
﻿祭,20
﻿殇,1
﻿筵,26
﻿衷,14
﻿辜,10
﻿练,7
﻿渺,16
﻿捶,1
﻿裁,8
﻿肺,6
﻿腑,3
﻿肝,12
﻿颐,1
﻿汪,9
﻿眶,1
﻿吞,8
﻿堕,8
﻿膝,6
﻿祠,2
﻿遗,18
﻿凝,10
﻿俄,6
﻿蔓,1
﻿昔,17
﻿苑,11
﻿悦,5
﻿窜,2
﻿琵,14
﻿琶,14
﻿糊,10
﻿鹫,2
﻿峰,24
﻿寺,26
﻿沿,2
﻿桚,5
﻿歧,4
﻿凋,2
﻿短,19
﻿击,9
﻿筑,5
﻿胥,5
﻿箫,17
﻿乞,16
﻿丐,1
﻿骊,3
﻿霁,1
﻿泛,10
﻿舟,24
﻿婵,18
﻿娟,21
﻿菲,3
﻿污,10
﻿骸,9
﻿采,15
﻿代,29
﻿逰,7
﻿謩,2
﻿惜,49
﻿幻,9
﻿拨,19
﻿繁,3
﻿弦,21
﻿写,40
﻿刷,4
﻿弘,3
﻿闺,19
﻿瑕,4
﻿纳,9
﻿跋,4
﻿佚,1
﻿妍,5
﻿倍,5
﻿峤,2
﻿恍,11
﻿嫦,20
﻿描,17
﻿现,44
﻿谎,9
﻿帝,43
﻿镇,14
﻿翡,3
﻿丢,25
﻿㫁,1
﻿啥,71
﻿癞,4
﻿狮,3
﻿皓,3
﻿齿,5
﻿泠,2
﻿梵,3
﻿缑,2
﻿唳,2
﻿珊,6
﻿坊,5
﻿3,1
﻿0,3
﻿耳,33
﻿谟,1
﻿刬,6
﻿挤,4
﻿抢,10
﻿攘,9
﻿匝,6
﻿炒,8
﻿轰,14
﻿剨,2
﻿疼,16
﻿幅,18
﻿葬,19
﻿佛,68
﻿碑,3
﻿碣,1
﻿墓,13
﻿穴,3
﻿呜,3
﻿鹃,15
﻿銮,2
﻿宸,5
﻿蟏,1
﻿蛸,1
﻿狸,1
﻿鸱,2
﻿鸮,2
﻿蒿,6
﻿鹿,4
﻿跑,11
﻿玳,5
﻿瑁,1
﻿染,24
﻿腥,4
﻿臊,2
﻿砌,5
﻿籍,3
﻿旛,9
﻿绰,4
﻿辈,15
﻿期,41
﻿毕,19
﻿叨,17
﻿尊,42
﻿笛,6
﻿否,23
﻿末,54
﻿技,3
﻿屈,10
﻿姻,37
﻿夙,6
﻿莱,9
﻿嘱,6
﻿澄,13
﻿皎,5
﻿稽,21
﻿蟾,19
﻿盼,21
﻿赖,18
﻿挥,7
﻿阙,12
﻿虑,13
﻿掷,7
﻿虹,6
﻿辨,11
﻿钧,5
﻿丛,8
﻿䜩,1
﻿遂,14
﻿证,17
﻿续,5
﻿撮,7
﻿辉,7
﻿矣,28
﻿[,16
﻿|,16
﻿],16
﻿乍,14
﻿愆,4
﻿𣼛,7
﻿惭,10
﻿愧,9
﻿蹇,1
﻿殒,5
﻿痴,97
﻿切,27
﻿剩,9
﻿囊,8
﻿巧,21
﻿涟,5
﻿鉴,14
﻿羙,12
﻿夗,4
﻿央,13
﻿牒,2
﻿竒,16
﻿榆,4
﻿歷,13
﻿丹,71
﻿姊,8
﻿恭,34
﻿炼,4
﻿织,11
﻿绾,7
﻿咨,2
﻿谴,1
﻿谪,5
﻿准,23
﻿忉,6
﻿疆,7
﻿臾,3
﻿游,26
﻿衍,2
﻿批,5
﻿腻,2
﻿𦂶,2
﻿跄,4
﻿趁,22
﻿叮,7
﻿章,35
﻿裙,21
﻿璚,2
﻿𠅘,14
﻿氅,1
﻿艳,19
﻿幢,4
﻿馥,8
﻿蕊,6
﻿姝,1
﻿呈,4
﻿蔵,10
﻿敛,3
﻿翔,4
﻿蹑,3
﻿䑓,1
﻿𠅙,1
﻿导,2
﻿根,28
﻿劫,12
﻿倥,1
﻿偬,1
﻿割,11
﻿鞚,1
﻿枷,5
﻿训,6
﻿披,16
﻿某,13
﻿荆,11
﻿鼎,20
﻿曹,18
﻿霸,9
﻿属,10
﻿项,11
﻿咸,2
﻿净,23
﻿宗,30
﻿董,1
﻿卓,2
﻿仁,12
﻿义,40
﻿桃,68
﻿范,5
﻿蒲,4
﻿葛,7
﻿冈,4
﻿襄,8
﻿䝛,1
﻿貅,1
﻿汛,1
﻿辕,4
﻿捡,1
﻿吴,25
﻿巴,18
﻿菜,7
﻿咄,1
﻿砒,1
﻿席,16
﻿喒,6
﻿勇,5
﻿鞠,2
﻿躬,11
﻿船,76
﻿殃,9
﻿臂,9
﻿猱,1
﻿掣,3
﻿党,7
﻿穆,13
﻿嚷,10
﻿诺,2
﻿匡,7
﻿𦙍,3
﻿界,34
﻿鸟,20
﻿极,31
﻿栽,6
﻿迤,8
﻿𨓦,2
﻿𣴑,24
﻿翘,3
﻿潦,2
﻿吁,9
﻿喘,7
﻿骄,4
﻿骢,6
﻿蹀,2
﻿躞,2
﻿控,4
﻿缰,4
﻿渊,3
﻿浩,13
﻿舠,1
﻿凹,7
﻿噪,5
﻿杪,1
﻿歇,39
﻿斛,1
﻿迹,21
﻿电,5
﻿鳌,3
﻿获,3
﻿暴,7
﻿佩,13
﻿貂,2
﻿掳,1
﻿侠,11
﻿概,6
﻿燎,3
﻿宄,2
﻿晃,2
﻿缭,3
﻿恣,5
﻿骁,2
﻿希,4
﻿愚,9
﻿跨,8
﻿奥,1
﻿焉,8
﻿衔,5
﻿灿,7
﻿奕,1
﻿嫒,3
﻿淋,7
﻿痒,4
﻿肉,26
﻿焚,29
﻿鹞,2
﻿祗,7
﻿潘,18
﻿𤦺,1
﻿仲,4
﻿攻,5
﻿蹴,2
﻿踘,1
﻿卢,5
﻿㑹,19
﻿肥,5
﻿丁,14
﻿葺,3
﻿暇,8
﻿琴,31
﻿锄,2
﻿洗,12
﻿饲,1
﻿鹇,1
﻿蝴,9
﻿雀,35
﻿缗,1
﻿烹,2
﻿茶,60
﻿籖,2
﻿蠧,2
﻿饥,20
﻿删,2
﻿易,27
﻿㸃,7
﻿贻,2
﻿丫,31
﻿婚,28
﻿绊,2
﻿鳏,2
﻿拈,17
﻿谩,4
﻿篇,10
﻿咏,12
﻿食,22
﻿筝,12
﻿黒,1
﻿冩,3
﻿研,1
﻿牡,31
﻿裱,6
﻿椽,2
﻿柬,7
﻿捣,11
﻿器,7
﻿诘,1
﻿跷,8
﻿蹊,8
﻿琪,1
﻿詹,4
﻿谯,3
﻿邪,6
﻿畏,3
﻿夤,6
﻿玷,6
﻿窬,1
﻿跟,18
﻿辰,16
﻿介,66
﻿梳,14
﻿曦,1
﻿厾,28
﻿婿,40
﻿纎,3
﻿捏,6
﻿缔,4
﻿拙,6
﻿午,11
﻿唷,45
﻿耽,8
﻿搁,4
﻿疑,29
﻿魑,1
﻿魅,3
﻿魇,2
﻿赚,9
﻿俊,16
﻿缥,6
﻿腼,7
﻿腆,6
﻿针,14
﻿伦,3
﻿媒,28
﻿妁,4
﻿苟,7
﻿算,10
﻿菩,13
﻿萨,13
﻿呣,7
﻿捉,9
﻿滑,20
﻿弗,19
﻿呸,32
﻿嚼,6
﻿蛆,5
﻿匏,2
﻿嫖,3
﻿夭,7
﻿蛏,1
﻿宾,9
﻿螬,1
﻿榜,15
﻿戴,11
﻿絜,1
﻿鷃,1
﻿斤,2
﻿炬,3
﻿揭,4
﻿魈,2
﻿娼,1
﻿妓,8
﻿鼻,4
﻿凸,1
﻿淫,3
﻿恢,5
﻿掘,7
﻿窍,1
﻿卤,2
﻿寛,6
﻿轿,7
﻿预,2
﻿栊,9
﻿宅,11
﻿诽,4
﻿辩,1
﻿驳,1
﻿拷,5
﻿倷,23
﻿哇,8
﻿肖,14
﻿耻,18
﻿荅,5
﻿𡨚,6
﻿咆,3
﻿哮,2
﻿嘲,3
﻿呒,9
﻿赔,3
﻿覅,4
﻿吪,2
﻿娶,21
﻿荫,3
﻿诰,4
﻿最,24
﻿讥,3
﻿唵,17
﻿朦,8
﻿稍,10
﻿嘈,2
﻿验,3
﻿葳,2
﻿蕤,5
﻿匙,4
﻿危,16
﻿宼,3
﻿考,5
﻿阮,7
﻿戏,14
﻿梗,4
﻿湛,4
﻿岛,5
﻿殷,12
﻿勾,22
﻿垒,5
﻿乎,22
﻿殴,2
﻿狱,16
﻿旦,21
﻿滞,5
﻿萍,10
﻿谐,15
﻿拖,10
﻿铮,10
﻿虀,2
﻿𢡖,5
﻿敝,3
﻿糟,7
﻿糠,5
﻿𦂳,3
﻿筌,1
﻿聋,6
﻿诳,2
﻿尾,15
﻿皂,22
﻿隶,17
﻿牌,9
﻿啐,32
﻿惚,3
﻿嘹,7
﻿呖,8
﻿耿,8
﻿砖,4
﻿窝,6
﻿绪,7
﻿灰,10
﻿据,3
﻿帕,7
﻿恓,1
﻿栖,12
﻿𡨘,1
﻿𨐲,1
﻿决,17
﻿埽,6
﻿麒,6
﻿麟,7
﻿瀛,2
﻿洲,6
﻿岩,5
﻿兆,12
﻿锺,10
﻿哑,9
﻿颇,7
﻿浑,17
﻿株,6
﻿罡,1
﻿碍,4
﻿姑,158
﻿役,3
﻿翎,1
﻿扎,7
﻿帚,3
﻿叉,3
﻿砂,2
﻿-,9
﻿磁,2
﻿褡,1
﻿袱,1
﻿沧,7
﻿践,8
﻿葫,2
﻿瞪,1
﻿晋,8
﻿找,1
﻿雍,4
﻿尼,23
﻿缏,1
﻿鬍,8
﻿忤,2
﻿洋,3
﻿荤,4
﻿柜,1
﻿筷,2
﻿碟,1
﻿棉,1
﻿炖,4
﻿麸,1
﻿莳,1
﻿瓜,10
﻿油,17
﻿汆,1
﻿酱,1
﻿醋,3
﻿炸,1
﻿甜,6
﻿辣,3
﻿葱,4
﻿撩,2
﻿咙,2
﻿叽,2
﻿呱,2
﻿瞎,4
﻿嚇,9
﻿腿,2
﻿舵,1
﻿桞,1
﻿漆,3
﻿球,2
﻿猩,4
﻿茉,1
﻿莉,1
﻿葩,2
﻿蒹,3
﻿葭,4
﻿篱,5
﻿跌,22
﻿扒,6
﻿站,18
﻿槌,2
﻿唼,1
﻿藻,1
﻿贪,16
﻿饵,1
﻿悬,19
﻿俎,1
﻿靶,5
﻿剥,4
﻿剔,3
﻿剐,6
﻿聴,8
﻿𫚥,1
﻿谈,14
﻿印,13
﻿祟,2
﻿纒,6
﻿刴,2
﻿毋,1
﻿盹,3
﻿忍,25
﻿谦,5
﻿唅,3
﻿𠳾,2
﻿箱,5
﻿速,21
﻿髒,5
﻿迓,4
﻿止,21
﻿樽,6
﻿髯,1
﻿妄,4
﻿蛙,3
﻿搂,9
﻿饼,4
﻿侬,5
﻿匆,14
﻿憾,1
﻿搬,11
﻿嗔,13
﻿怡,2
﻿藉,3
﻿阅,9
﻿苔,12
﻿㳺,2
﻿沁,4
﻿湘,9
﻿润,7
﻿源,10
﻿惦,1
﻿搓,1
﻿揉,1
﻿症,3
﻿圃,1
﻿鉏,1
﻿贮,3
﻿绛,13
﻿缤,1
﻿盈,34
﻿荃,1
﻿箸,3
﻿趣,17
﻿诌,1
﻿拦,6
﻿愦,1
﻿检,2
﻿咒,3
﻿兀,1
﻿蜡,8
﻿阑,19
﻿耨,3
﻿躏,1
﻿蹂,1
﻿秽,1
﻿浊,6
﻿湖,41
﻿皈,2
﻿𩯭,4
﻿晴,9
﻿雯,3
﻿唉,1
﻿蔫,1
﻿辀,1
﻿薰,6
﻿莸,1
﻿嗽,4
﻿健,2
﻿耸,3
﻿缝,9
﻿晕,8
﻿哦,8
﻿袭,3
﻿弓,7
﻿纬,1
﻿尖,8
﻿殊,4
﻿隈,3
﻿冻,6
﻿蒸,1
﻿嫩,9
﻿飊,1
﻿㲨,1
﻿徙,4
﻿烂,10
﻿熳,2
﻿茸,2
﻿嚭,5
﻿踞,2
﻿帆,11
﻿泾,2
﻿斾,1
﻿祥,14
﻿楫,3
﻿桡,4
﻿槛,4
﻿玲,2
﻿珑,2
﻿阜,3
﻿邓,1
﻿穹,7
﻿窿,4
﻿矗,2
﻿笏,4
﻿蹈,3
﻿螭,3
﻿鹢,2
﻿缆,4
﻿樯,3
﻿莹,10
﻿桨,1
﻿鬬,4
﻿陂,2
﻿耀,8
﻿伞,4
﻿拱,3
﻿浣,14
﻿滟,1
﻿驹,3
﻿云,23
﻿魆,5
﻿蠡,5
﻿拘,10
﻿赦,2
﻿谨,9
﻿隳,1
﻿慈,22
﻿亏,29
﻿贡,1
﻿鲍,8
﻿脉,12
﻿涉,9
﻿阀,2
﻿楣,3
﻿侄,19
﻿契,8
﻿阔,3
﻿恒,2
﻿弑,4
﻿谕,3
﻿朽,3
﻿夷,8
﻿祀,2
﻿灭,16
﻿螟,1
﻿蛉,1
﻿椿,11
﻿辑,1
﻿沟,10
﻿渠,10
﻿嫡,7
﻿诲,1
﻿𠴆,4
﻿淸,4
﻿漂,3
﻿监,7
﻿傅,1
﻿裩,1
﻿顽,4
﻿搔,4
﻿嗅,3
﻿淞,1
﻿坛,11
﻿藕,3
﻿耶,6
﻿吵,2
﻿砧,2
﻿廓,2
﻿缚,2
﻿悮,4
﻿诱,3
﻿浙,1
﻿邂,1
﻿逅,1
﻿媾,4
﻿逑,3
﻿錬,1
﻿憔,7
﻿邻,4
﻿肘,2
﻿俦,5
﻿鍪,2
﻿嗟,16
﻿挽,6
﻿飡,1
﻿逝,5
﻿挞,1
﻿醺,5
﻿涎,6
﻿履,3
﻿扉,4
﻿缟,1
﻿哻,1
﻿爽,11
﻿虫,4
﻿烁,3
﻿庚,2
﻿轧,2
﻿(,6
﻿）,6
﻿族,4
﻿赘,3
﻿鸭,3
﻿蛋,1
﻿卵,5
﻿蹉,5
﻿跎,5
﻿骗,10
﻿逹,1
﻿燥,4
﻿槎,4
﻿枒,2
﻿峦,1
﻿𠿭,2
﻿削,8
﻿缁,7
﻿忏,2
﻿剃,2
﻿僧,35
﻿瘪,1
﻿鬱,2
﻿虬,1
﻿罨,1
﻿呃,3
﻿暑,3
﻿袈,3
﻿裟,3
﻿虞,8
﻿刮,11
﻿厉,3
﻿狠,14
﻿哼,21
﻿汁,1
﻿诈,10
﻿衬,3
﻿㬟,2
﻿僻,3
﻿ē,1
﻿副,9
﻿碰,3
﻿𧟰,4
﻿à,1
﻿～,1
﻿斋,26
﻿腐,3
﻿麵,1
﻿拳,4
﻿锭,1
﻿噢,5
﻿辖,1
﻿泰,10
﻿塌,3
﻿禅,30
﻿坍,2
﻿挝,2
﻿熏,4
﻿式,3
﻿瘟,2
﻿秃,7
﻿啘,4
﻿捺,1
﻿茄,1
﻿闩,1
﻿剪,9
﻿毘,1
﻿拭,3
﻿蓑,3
﻿钵,2
﻿偈,4
﻿禽,5
﻿腊,4
﻿伽,1
﻿腌,3
﻿臜,3
﻿讶,2
﻿杖,6
﻿维,1
﻿询,4
﻿妮,4
﻿鹅,1
﻿俏,8
﻿聘,11
﻿簪,12
﻿迭,2
﻿瓯,4
﻿浼,1
﻿昌,3
﻿凳,2
﻿裀,2
﻿奁,5
﻿刎,3
﻿惺,10
﻿荣,23
﻿𨶹,1
﻿搠,1
﻿猪,1
﻿蠢,4
﻿呕,4
﻿霏,5
﻿袂,5
﻿柯,24
﻿淑,2
﻿馔,2
﻿阆,2
﻿岑,3
﻿涛,6
﻿醴,1
﻿𤑔,1
﻿懊,2
﻿虔,6
﻿忱,2
﻿卮,2
﻿慕,13
﻿揾,6
﻿溺,2
﻿默,2
﻿覚,1
﻿绉,1
﻿恬,2
﻿棹,3
﻿舱,1
﻿澹,1
﻿浸,4
﻿吠,3
﻿汀,3
﻿灞,8
﻿峡,5
﻿曙,2
﻿賸,2
﻿藤,1
﻿艖,1
﻿庠,1
﻿迈,5
﻿稼,1
﻿鹪,1
﻿鹩,1
﻿恕,14
﻿突,2
﻿境,16
﻿昙,2
﻿靓,1
﻿焰,5
﻿苗,11
﻿岳,9
﻿诏,8
﻿𢙢,9
﻿忌,6
﻿啧,11
﻿䐇,1
﻿吼,2
﻿督,4
﻿栉,2
﻿崖,4
﻿髦,2
﻿慧,6
﻿羁,3
﻿晤,2
﻿烬,1
﻿曷,1
﻿玑,1
﻿藜,1
﻿従,2
﻿象,6
﻿嵇,1
﻿卉,2
﻿骇,2
﻿䏻,3
﻿磬,7
﻿咛,5
﻿罹,2
﻿坑,3
﻿阱,3
﻿劈,3
﻿冦,2
﻿徼,1
﻿签,1
﻿押,6
﻿𤼵,8
﻿翦,5
﻿冰,27
﻿𩙱,15
﻿颈,8
﻿𠁅,13
﻿𠜇,3
﻿㦯,1
﻿陇,5
﻿遅,1
﻿徬,4
﻿徨,5
﻿涩,2
﻿鞫,1
﻿悯,8
﻿撺,2
﻿掇,5
﻿率,2
﻿涵,3
﻿宥,1
﻿𦥷,1
﻿㦲,4
﻿苐,1
﻿𠳶,10
﻿渎,1
﻿滔,8
﻿仆,3
﻿啰,5
﻿惑,5
﻿槅,1
﻿橱,1
﻿侧,9
﻿闵,4
﻿狰,1
﻿狞,1
﻿烈,1
﻿簿,3
﻿究,4
﻿察,5
﻿谗,6
﻿闯,3
﻿弩,3
﻿混,3
﻿耗,3
﻿扮,8
﻿史,12
﻿彻,4
﻿兖,1
﻿蔴,2
﻿捎,2
﻿缈,5
﻿嚎,2
﻿勺,2
﻿欣,4
﻿品,16
﻿徳,6
﻿堦,2
﻿彰,1
﻿帛,7
﻿鲛,5
﻿廪,1
﻿厫,1
﻿佐,3
﻿臧,10
﻿鼐,4
﻿曜,1
﻿骈,2
﻿臻,3
﻿𣄢,1
﻿普,6
﻿喨,2
﻿嗣,3
﻿杆,4
﻿崔,13
﻿逸,3
﻿龌,1
﻿龊,1
﻿邋,1
﻿遢,1
﻿褴,1
﻿褛,1
﻿递,5
﻿𪠳,1
﻿嗻,1
﻿呆,8
﻿蹶,1
﻿䟹,1
﻿辍,1
﻿寗,5
﻿帔,4
﻿斧,4
﻿缷,1
﻿趄,1
﻿鳖,1
﻿笤,1
﻿竭,7
﻿喔,15
﻿鬭,4
﻿遁,6
﻿娩,3
﻿琚,1
﻿秘,2
﻿兢,9
﻿𢬵,4
﻿𩕮,1
﻿狈,3
﻿煽,1
﻿屡,6
﻿䘮,2
﻿警,3
﻿霆,2
﻿迍,1
﻿邅,1
﻿爨,1
﻿骥,1
﻿枥,1
﻿剧,3
﻿撰,5
﻿悉,2
﻿雎,3
﻿废,4
﻿绸,3
﻿缪,2
﻿医,5
﻿坟,25
﻿霤,1
﻿钻,10
﻿僵,4
﻿姤,1
﻿挖,1
﻿厯,3
﻿儒,5
﻿甥,1
﻿潸,3
﻿摹,7
﻿芍,6
﻿憨,1
﻿痨,1
﻿㡬,3
﻿耦,2
﻿悭,4
﻿茗,9
﻿娄,5
﻿后,10
﻿讼,1
﻿唾,8
﻿扛,1
﻿拒,3
﻿尤,3
﻿泯,1
﻿誊,1
﻿从,7
﻿发,3
﻿姗,2
﻿蚕,2
﻿愈,3
﻿涡,2
﻿尸,17
﻿炎,2
﻿蚁,22
﻿棱,1
﻿侵,6
﻿须,3
﻿敷,3
﻿袜,6
﻿姹,2
﻿嫣,2
﻿荼,6
﻿蘼,4
﻿眄,2
﻿吧,2
﻿余,2
﻿缱,5
﻿循,6
﻿郁,4
﻿份,1
﻿喏,5
﻿苫,1
﻿俨,6
﻿俞,4
﻿购,1
﻿摄,2
﻿邯,7
﻿郸,7
﻿淳,30
﻿棼,12
﻿淮,7
﻿雌,2
﻿蝼,8
﻿槐,25
﻿编,2
﻿嬉,1
﻿驴,4
﻿讯,2
﻿霍,3
﻿酷,1
﻿嗜,1
﻿矢,1
﻿康,6
﻿吏,3
﻿抟,1
﻿沌,1
﻿惰,1
﻿懵,2
﻿兮,11
﻿捻,2
﻿咎,1
﻿舛,1
﻿芭,8
﻿蕉,11
﻿妥,5
﻿损,17
﻿钝,2
﻿胶,3
﻿槁,2
﻿啭,5
﻿髻,5
﻿茜,1
﻿瑱,2
﻿颤,7
﻿𬬻,5
﻿䕷,1
﻿衩,1
﻿膳,3
﻿窣,6
﻿嵌,3
﻿荚,1
﻿觍,2
﻿掯,1
﻿掂,4
﻿忑,2
﻿眯,2
﻿𥉐,2
﻿钏,1
﻿荏,1
﻿苒,1
﻿徘,4
﻿徊,4
﻿峭,2
﻿窨,3
﻿冶,4
﻿悴,6
﻿绢,4
﻿擘,1
﻿掠,1
﻿谑,2
﻿樱,7
﻿渲,1
﻿撚,3
﻿挈,1
﻿邈,1
﻿帧,2
﻿飖,1
﻿嘌,1
﻿炙,1
﻿涴,2
﻿杵,3
﻿坎,2
﻿楞,1
﻿蛩,5
﻿育,1
﻿冗,4
﻿榇,2
﻿骷,2
﻿髅,2
﻿匣,2
﻿玆,1
﻿窥,8
﻿诊,1
﻿禳,1
﻿资,8
﻿租,1
﻿漠,4
﻿钮,1
﻿庐,4
﻿郞,7
﻿痊,4
﻿逦,1
﻿擦,1
﻿垛,1
﻿划,9
﻿琅,4
﻿玕,3
﻿窠,1
﻿轴,8
﻿嵯,1
﻿㫋,1
﻿飬,1
﻿鹦,13
﻿淂,2
﻿𡽪,1
﻿卫,35
﻿典,5
﻿𡵯,2
﻿酡,3
﻿很,2
﻿嚏,3
﻿赞,9
﻿帙,1
﻿逺,5
﻿圗,1
﻿渇,1
﻿徽,17
﻿玫,1
﻿瑰,1
﻿择,4
﻿醮,3
﻿龛,1
﻿嶽,3
﻿䖍,1
﻿肌,4
﻿课,9
﻿阎,2
﻿瘆,1
﻿㡠,1
﻿讛,1
﻿粱,2
﻿坼,2
﻿𠲮,1
﻿忪,2
﻿迥,1
﻿煌,5
﻿躱,5
﻿袄,2
﻿糁,1
﻿瞥,4
﻿咲,1
﻿鹜,1
﻿𥦗,5
﻿姣,4
﻿椘,4
﻿罅,1
﻿傒,1
﻿掏,2
﻿粘,2
﻿泣,12
﻿𩮎,1
﻿诧,2
﻿諠,1
﻿骞,1
﻿曺,1
﻿挫,5
﻿邛,2
﻿濡,2
﻿簧,1
﻿崕,1
﻿陡,2
﻿𣵫,1
﻿咖,2
﻿恳,2
﻿暁,2
﻿炧,1
﻿龄,4
﻿阃,1
﻿卺,3
﻿𫎬,1
﻿醅,1
﻿耆,1
﻿祇,2
﻿拢,4
﻿渍,2
﻿筛,3
﻿蟒,1
﻿崆,1
﻿峒,1
﻿薇,5
﻿棍,6
﻿觧,4
﻿汹,1
﻿萝,7
﻿湏,2
﻿赃,1
﻿殉,1
﻿棺,4
﻿圹,5
﻿碾,6
﻿玎,2
﻿𤤮,1
﻿脑,2
﻿伪,2
﻿熨,1
﻿录,3
﻿钜,1
﻿抗,3
﻿裂,5
﻿窑,1
﻿缧,1
﻿绁,1
﻿跖,1
﻿爕,1
﻿毅,1
﻿蹄,2
﻿盻,1
﻿庇,5
﻿俐,2
﻿虏,6
﻿賔,4
﻿炭,2
﻿厓,1
﻿饿,12
﻿啖,2
﻿膻,4
﻿滋,4
﻿固,6
﻿侪,1
﻿羝,15
﻿丕,3
﻿溟,1
﻿豫,3
﻿婴,4
﻿猴,16
﻿䧟,2
﻿馁,2
﻿噎,2
﻿辟,2
﻿辄,3
﻿蹿,1
﻿煖,2
﻿畜,9
﻿莭,4
﻿旄,2
﻿垠,1
﻿羯,3
﻿囬,10
﻿宪,3
﻿霰,2
﻿鲰,2
﻿糢,1
﻿廉,6
﻿阊,1
﻿阖,1
﻿傀,1
﻿儡,1
﻿诙,2
﻿柱,3
﻿粒,4
﻿啮,2
﻿鲤,2
﻿茎,2
﻿锯,2
﻿曩,2
﻿蓼,2
﻿靖,6
﻿衲,3
﻿析,1
﻿沼,2
﻿篾,1
﻿𥬠,1
﻿悟,9
﻿澜,2
﻿盂,1
﻿蹲,1
﻿䟶,1
﻿涓,6
﻿醍,1
﻿醐,1
﻿娑,3
﻿怖,1
﻿豁,2
﻿刹,4
﻿克,4
﻿枚,3
﻿愍,1
﻿诃,1
﻿璎,1
﻿珞,1
﻿迦,2
﻿货,3
﻿驸,23
﻿嗑,1
﻿弁,2
﻿䕃,1
﻿廿,7
﻿唧,3
﻿哝,3
﻿库,9
﻿燃,1
﻿培,1
﻿植,1
﻿宏,2
﻿芝,2
﻿踹,4
﻿攀,7
﻿梯,6
﻿裏,1
﻿䇲,1
﻿塔,1
﻿锥,3
﻿鹉,7
﻿煮,5
﻿𧃲,1
﻿棋,26
﻿局,7
﻿枰,6
﻿珙,3
﻿甡,1
﻿弈,1
﻿黏,1
﻿卦,4
﻿尿,1
﻿讃,1
﻿肤,3
﻿肮,3
﻿晒,2
﻿㝎,3
﻿𫜪,3
﻿摘,2
﻿掀,4
﻿㢤,2
﻿棠,1
﻿纽,2
﻿𫐐,1
﻿𫐄,1
﻿涤,1
﻿傧,2
﻿伉,1
﻿俪,1
﻿寞,3
﻿嘶,5
﻿溢,2
﻿漓,1
﻿蜗,1
﻿蝇,3
﻿𨶒,1
﻿碓,1
﻿舂,1
﻿锅,1
﻿煠,1
﻿螺,3
﻿呾,2
﻿嘛,1
﻿遶,4
﻿傻,2
﻿眬,1
﻿袋,1
﻿褥,4
﻿裰,1
﻿铙,2
﻿钹,1
﻿浦,4
﻿凊,1
﻿办,4
﻿阉,1
﻿宦,2
﻿曈,2
﻿蒨,2
﻿巍,8
﻿瀼,2
﻿晞,1
﻿璇,1
﻿咿,2
﻿陌,5
﻿𨶚,3
﻿祚,4
﻿𨼆,4
﻿氤,5
﻿氲,5
﻿雉,4
﻿赭,2
﻿贲,3
﻿跻,2
﻿骠,1
﻿娆,2
﻿𫖇,1
﻿简,1
﻿獬,1
﻿豸,1
﻿纠,2
﻿𠦑,1
﻿钥,1
﻿珂,1
﻿蔡,3
﻿邕,3
﻿凟,1
﻿耕,2
﻿畿,4
﻿芜,3
﻿癯,1
﻿瘁,3
﻿旱,1
﻿纡,1
﻿𡚖,4
﻿闾,4
﻿仰,5
﻿耑,1
﻿祷,4
﻿遑,1
﻿缵,1
﻿熙,2
﻿爰,1
﻿辅,2
﻿逮,3
﻿绳,3
﻿恪,1
﻿览,1
﻿赈,1
﻿裕,1
﻿迺,1
﻿殍,1
﻿譬,1
﻿戍,1
﻿鼍,1
﻿𨤍,2
﻿醁,2
﻿坦,1
﻿牍,1
﻿绶,2
﻿睦,1
﻿蔷,3
﻿篁,1
﻿漱,1
﻿簟,1
﻿筒,3
﻿𪩘,3
﻿箔,2
﻿漪,1
﻿泻,1
﻿溅,7
﻿迅,1
﻿惆,1
﻿鹭,4
﻿序,1
﻿悒,1
﻿怏,3
﻿菽,2
﻿斚,1
﻿巷,6
﻿酩,1
﻿酊,1
﻿辘,1
﻿轳,1
﻿坵,1
﻿垢,1
﻿庞,4
﻿喈,1
﻿羹,5
﻿朔,1
﻿襕,2
﻿靴,1
﻿簌,2
﻿呑,1
﻿噤,1
﻿鸶,1
﻿绀,1
﻿瑛,4
﻿彬,1
﻿颗,2
﻿揎,2
﻿孺,9
﻿藩,2
﻿厥,1
﻿需,3
﻿尧,2
﻿募,1
﻿患,3
﻿孥,2
﻿瓢,2
﻿辆,4
﻿级,2
﻿枭,4
﻿壤,2
﻿颅,2
﻿嬴,1
﻿俘,4
﻿裸,1
﻿谠,1
﻿翱,3
﻿睢,1
﻿捕,1
﻿噍,1
﻿戆,2
﻿亩,1
﻿洪,13
﻿饷,3
﻿捷,2
﻿赉,1
﻿辗,1
﻿缉,3
﻿剿,1
﻿藐,3
﻿逋,1
﻿岐,1
﻿锡,1
﻿棂,2
﻿皿,2
﻿捞,2
﻿唗,2
﻿潭,3
﻿颔,1
﻿锟,1
﻿铻,1
﻿艮,1
﻿隘,3
﻿巽,2
﻿兑,1
﻿濳,1
﻿𩧻,2
﻿蹬,2
﻿蝗,1
﻿彪,1
﻿刈,1
﻿苇,2
﻿芟,1
﻿魏,4
﻿彭,1
﻿獭,1
﻿髓,2
﻿鄂,1
﻿𠮨,23
﻿括,2
﻿嚜,14
﻿陟,2
﻿咾,2
﻿扼,1
﻿薛,4
﻿辽,3
﻿閰,1
﻿殓,2
﻿沦,3
﻿瞑,2
﻿囡,2
﻿欶,1
﻿彷,1
﻿柏,3
﻿瑚,1
﻿壑,2
﻿塜,2
﻿廨,1
﻿鹍,2
﻿渥,1
﻿鹣,2
﻿𫛳,1
﻿窘,2
﻿𪾦,1
﻿楔,1
﻿斲,2
﻿聆,1
﻿蠹,1
﻿罥,2
﻿葆,1
﻿抃,1
﻿鲸,1
﻿幡,1
﻿昊,2
﻿衮,4
﻿黼,1
﻿鹓,1
﻿薪,1
﻿瑾,1
﻿阍,2
﻿尹,1
﻿盐,2
﻿舜,1
﻿蜃,1
﻿蕃,1
﻿甸,2
﻿笨,1
﻿婕,1
﻿妤,1
﻿瞬,2
﻿噩,2
﻿漭,2
﻿粼,2
﻿蓁,2
﻿嶙,2
﻿峋,2
﻿髡,1
﻿译,1
﻿鹌,1
﻿鹑,1
﻿笋,1
﻿哂,1
﻿烝,1
﻿醇,1
﻿祛,1
﻿域,2
﻿昆,5
﻿寮,1
﻿舫,6
﻿卞,2
﻿姨,1
﻿液,1
﻿饧,1
﻿珰,2
﻿泡,3
﻿烫,1
﻿癖,1
﻿虱,1
﻿袴,1
﻿乒,1
﻿乓,1
﻿粳,1
﻿泊,3
﻿芊,4
﻿藓,2
﻿拽,2
﻿幔,1
﻿扁,1
﻿巳,1
﻿券,2
﻿仅,2
﻿楦,1
﻿惘,1
﻿沤,1
﻿虐,1
﻿瞳,1
﻿励,2
﻿梓,1
﻿税,1
﻿炽,1
﻿驼,2
﻿谄,1
﻿倡,1
﻿殆,1
﻿檄,2
﻿奎,3
﻿攸,1
﻿扄,1
﻿颡,1
﻿迩,2
﻿蔽,1
﻿踉,1
﻿憩,1
﻿燐,2
﻿寍,1
﻿獗,3
﻿帑,1
﻿厦,1
﻿谆,2
﻿努,1
﻿剜,5
﻿援,2
﻿鸩,1
﻿旰,1
﻿罔,2
﻿储,2
﻿悼,1
﻿濠,1
﻿秩,1
﻿骧,1
﻿𦡀,1
﻿璧,2
﻿祧,2
﻿杼,1
﻿兕,1
﻿秉,1
﻿沥,2
﻿裔,1
﻿匿,1
﻿髫,1
﻿稚,2
﻿飧,2
﻿蕴,2
﻿侃,2
﻿篡,3
﻿匕,2
﻿謟,1
﻿誉,1
﻿拓,1
﻿唎,1
﻿扪,1
﻿𤠯,1
﻿珥,1
﻿拴,1
﻿戌,1
﻿抡,1
﻿吻,1
﻿瀚,2
﻿愤,1
﻿匈,2
﻿戎,1
﻿毳,1
﻿霾,1
﻿邑,3
﻿企,1
﻿擐,1
﻿𧶽,1
﻿骀,1
﻿砺,1
﻿嚯,2
﻿尶,1
﻿窄,2
﻿镂,2
﻿玄,5
﻿楷,2
﻿铅,2
﻿椠,1
﻿鄙,1
﻿骏,3
﻿𠯈,1
﻿䦨,1
﻿龜,1
﻿壳,1
﻿啜,2
﻿惋,1
﻿缄,1
﻿踱,3
﻿胛,1
﻿甩,1
﻿渣,1
﻿鸨,2
﻿逊,1
﻿囤,1
﻿龈,1
﻿牲,3
﻿呻,1
﻿𡨜,2
﻿潺,1
﻿湲,1
﻿薤,2
﻿觐,1
﻿赌,4
﻿翳,1
﻿箓,1
﻿鲢,1
﻿扭,2
﻿𤎉,1
﻿儋,2
﻿逾,1
﻿裾,1
﻿笞,1
﻿帮,1
﻿炊,1
﻿鸥,1
﻿奘,1
﻿峻,2
﻿眩,1
﻿踅,1
﻿澈,1
﻿胞,2
﻿濵,1
﻿巅,1
﻿熖,7
﻿搧,4
﻿觔,3
﻿撼,1
﻿叅,1
﻿铸,1
﻿㛮,4
﻿𫟿,2
﻿懦,1
﻿侥,1
﻿侮,1
﻿圑,1
﻿娜,1
﻿弯,2
﻿攅,1
﻿揠,1
﻿钐,1
﻿𧅱,1
﻿衅,1
﻿凛,2
﻿岗,1
﻿疯,1
﻿诨,2
﻿竃,1
﻿糕,1
﻿𣬿,2
﻿濮,1
﻿鳯,3
﻿筠,1
﻿膑,1
﻿孀,2
﻿偌,1
﻿诞,8
﻿账,3
﻿拄,1
﻿澶,2
﻿惩,1
﻿艾,1
﻿雏,6
﻿邬,1
﻿椁,1
﻿滩,2
﻿鸢,2
﻿䳌,1
﻿縁,2
﻿冀,6
﻿蒜,1
﻿懿,1
﻿渤,1
﻿瓒,1
﻿涕,1
﻿轲,1
﻿贠,1
﻿𠡠,1
﻿旙,6
﻿芬,1
﻿阗,2
﻿骖,2
﻿械,1
﻿茂,1
﻿欸,1
﻿雊,1
﻿诮,1
﻿菊,1
﻿㶉,1
﻿鷘,1
﻿嗨,4
﻿贝,2
﻿襦,1
﻿秾,2
﻿噫,1
﻿嘻,1
﻿篙,1
﻿籴,2
﻿粜,2
﻿篷,4
﻿揽,1
﻿艄,2
﻿拌,1
﻿璞,1
﻿鹏,1
﻿铭,1
﻿枫,1
﻿憎,1
﻿喃,2
﻿港,1
﻿䓤,1
﻿眺,1
﻿屑,2
﻿盅,3
﻿囫,1
﻿囵,1
﻿粬,1
﻿绞,1
﻿跹,1
﻿馋,1
﻿伬,3
﻿仩,6
﻿淘,1
﻿箧,1
﻿鴂,1
﻿厘,2
﻿馐,1
﻿燡,1
﻿协,1
﻿斝,1
﻿蘖,1
﻿赎,1
﻿孑,1
﻿浃,1
﻿洽,3
﻿䙝,1
﻿玦,1
﻿辙,1
﻿述,1
﻿币,1
﻿狭,1
﻿愔,2
﻿戯,1
﻿俾,1
﻿檠,1
﻿薨,1
﻿俟,1
﻿躧,1
﻿怂,1
﻿恿,1
﻿痩,1
﻿𤋣,2
﻿驷,1
﻿俜,1
﻿搦,1
﻿孕,1
﻿翕,1
﻿矜,1
﻿揺,1
﻿洵,1
﻿繋,1
﻿孰,2
﻿冉,2
﻿筐,1
﻿暄,1
﻿蝉,1
﻿渭,2
﻿麾,1
﻿骝,1
﻿朿,1
﻿笳,2
﻿踟,1
﻿舸,1
﻿迫,1
